level;test_classes;test_methods;setup_methods;attributes;setup_statements;duplicated_setup_statements;setup_duplication_rate
1;3560;3560;0;0;87894;82414;93.8
2;3559;3560;1;5;87881;82400;93.8
3;3558;3560;2;10;87873;82391;93.8
4;3557;3560;3;29;87818;82335;93.8
5;3556;3560;4;48;87761;82278;93.8
6;3555;3560;5;67;87704;82223;93.8
7;3554;3560;6;89;87647;82166;93.7
8;3553;3560;7;111;87589;82108;93.7
9;3552;3560;8;133;87530;82049;93.7
10;3551;3560;9;155;87469;81989;93.7
11;3550;3560;10;177;87405;81924;93.7
12;3549;3560;11;199;87348;81867;93.7
13;3548;3560;12;221;87290;81809;93.7
14;3547;3560;13;243;87231;81750;93.7
15;3546;3560;14;265;87170;81689;93.7
16;3545;3560;15;287;87106;81626;93.7
17;3544;3560;16;294;87087;81607;93.7
18;3543;3560;16;294;87074;81594;93.7
19;3542;3560;16;294;87061;81581;93.7
20;3541;3560;16;294;87048;81568;93.7
21;3540;3560;16;294;87035;81555;93.7
22;3539;3560;16;294;87022;81542;93.7
23;3538;3560;16;294;87009;81529;93.7
24;3537;3560;16;294;86996;81516;93.7
25;3536;3560;16;294;86983;81503;93.7
26;3535;3560;16;294;86970;81490;93.7
27;3534;3560;16;294;86957;81477;93.7
28;3533;3560;17;301;86936;81456;93.7
29;3532;3560;17;301;86921;81441;93.7
30;3531;3560;17;301;86906;81426;93.7
31;3530;3560;18;308;86886;81406;93.7
32;3529;3560;18;308;86872;81392;93.7
33;3528;3560;18;308;86858;81378;93.7
34;3527;3560;19;320;86826;81345;93.7
35;3526;3560;20;341;86767;81283;93.7
36;3525;3560;21;361;86711;81224;93.7
37;3524;3560;22;365;86707;81220;93.7
38;3523;3560;23;366;86706;81219;93.7
39;3522;3560;24;369;86703;81214;93.7
40;3521;3560;25;372;86698;81209;93.7
41;3520;3560;26;375;86693;81204;93.7
42;3519;3560;27;381;86682;81192;93.7
43;3518;3560;27;381;86676;81186;93.7
44;3517;3560;27;381;86670;81180;93.7
45;3516;3560;27;381;86664;81174;93.7
46;3515;3560;27;381;86658;81168;93.7
47;3514;3560;27;381;86652;81162;93.7
48;3513;3560;27;381;86646;81156;93.7
49;3512;3560;27;381;86640;81150;93.7
50;3511;3560;27;381;86634;81144;93.7
51;3510;3560;27;381;86628;81138;93.7
52;3509;3560;27;381;86622;81132;93.7
53;3508;3560;27;381;86616;81126;93.7
54;3507;3560;27;381;86610;81120;93.7
55;3506;3560;27;381;86604;81114;93.7
56;3505;3560;27;381;86598;81108;93.7
57;3504;3560;27;381;86592;81102;93.7
58;3503;3560;27;381;86586;81096;93.7
59;3502;3560;27;381;86580;81095;93.7
60;3501;3560;28;385;86572;81087;93.7
61;3500;3560;28;385;86567;81082;93.7
62;3499;3560;28;385;86562;81077;93.7
63;3498;3560;29;389;86553;81068;93.7
64;3497;3560;29;389;86547;81062;93.7
65;3496;3560;29;389;86541;81056;93.7
66;3495;3560;30;391;86537;81051;93.7
67;3494;3560;31;392;86534;81048;93.7
68;3493;3560;31;392;86531;81045;93.7
69;3492;3560;31;392;86528;81042;93.7
70;3491;3560;32;395;86522;81035;93.7
71;3490;3560;33;397;86518;81031;93.7
72;3489;3560;34;400;86512;81025;93.7
73;3488;3560;35;402;86507;81019;93.7
74;3487;3560;36;404;86502;81014;93.7
75;3486;3560;37;406;86497;81009;93.7
76;3485;3560;38;424;86446;80955;93.6
77;3484;3560;39;442;86395;80903;93.6
78;3483;3560;40;460;86344;80851;93.6
79;3482;3560;41;479;86292;80797;93.6
80;3481;3560;42;498;86240;80744;93.6
81;3480;3560;43;516;86189;80692;93.6
82;3479;3560;44;534;86138;80640;93.6
83;3478;3560;45;552;86087;80588;93.6
84;3477;3560;46;571;86035;80535;93.6
85;3476;3560;47;590;85983;80482;93.6
86;3475;3560;48;608;85932;80432;93.6
87;3474;3560;49;626;85881;80382;93.6
88;3473;3560;50;644;85830;80332;93.6
89;3472;3560;51;663;85778;80281;93.6
90;3471;3560;52;682;85726;80230;93.6
91;3470;3560;53;700;85675;80180;93.6
92;3469;3560;54;718;85624;80130;93.6
93;3468;3560;55;736;85573;80080;93.6
94;3467;3560;56;755;85521;80029;93.6
95;3466;3560;57;774;85469;79978;93.6
96;3465;3560;58;792;85417;79925;93.6
97;3464;3560;59;810;85365;79873;93.6
98;3463;3560;60;828;85313;79821;93.6
99;3462;3560;61;846;85261;79769;93.6
100;3461;3560;62;864;85209;79717;93.6
101;3460;3560;63;882;85157;79666;93.6
102;3459;3560;64;883;85156;79665;93.6
103;3458;3560;65;884;85155;79664;93.6
104;3457;3560;66;891;85137;79645;93.5
105;3456;3560;67;907;85100;79602;93.5
106;3455;3560;68;919;85070;79569;93.5
107;3454;3560;68;919;85048;79547;93.5
108;3453;3560;68;919;85026;79525;93.5
109;3452;3560;68;919;85004;79503;93.5
110;3451;3560;68;919;84982;79481;93.5
111;3450;3560;68;919;84960;79459;93.5
112;3449;3560;68;919;84938;79437;93.5
113;3448;3560;68;919;84916;79415;93.5
114;3447;3560;68;919;84894;79394;93.5
115;3446;3560;69;928;84870;79370;93.5
116;3445;3560;69;928;84853;79353;93.5
117;3444;3560;69;928;84836;79336;93.5
118;3443;3560;69;928;84819;79319;93.5
119;3442;3560;69;928;84802;79302;93.5
120;3441;3560;69;928;84785;79285;93.5
121;3440;3560;69;928;84768;79268;93.5
122;3439;3560;69;928;84751;79251;93.5
123;3438;3560;69;928;84734;79234;93.5
124;3437;3560;69;928;84717;79217;93.5
125;3436;3560;70;938;84694;79191;93.5
126;3435;3560;71;947;84676;79173;93.5
127;3434;3560;71;947;84666;79163;93.5
128;3433;3560;72;950;84656;79154;93.5
129;3432;3560;73;967;84608;79105;93.5
130;3431;3560;74;976;84581;79075;93.5
131;3430;3560;75;985;84558;79051;93.5
132;3429;3560;76;994;84533;79026;93.5
133;3428;3560;77;1003;84509;79002;93.5
134;3427;3560;78;1018;84465;78958;93.5
135;3426;3560;79;1037;84415;78904;93.5
136;3425;3560;79;1037;84379;78868;93.5
137;3424;3560;80;1055;84328;78816;93.5
138;3423;3560;81;1060;84319;78806;93.5
139;3422;3560;81;1060;84314;78801;93.5
140;3421;3560;82;1069;84289;78775;93.5
141;3420;3560;83;1078;84264;78750;93.5
142;3419;3560;84;1088;84235;78719;93.5
143;3418;3560;85;1095;84212;78696;93.4
144;3417;3560;86;1116;84150;78631;93.4
145;3416;3560;87;1146;84088;78565;93.4
146;3415;3560;88;1176;84016;78492;93.4
147;3414;3560;89;1181;84001;78475;93.4
148;3413;3560;89;1181;83987;78461;93.4
149;3412;3560;90;1192;83959;78432;93.4
150;3411;3560;91;1211;83903;78375;93.4
151;3410;3560;92;1230;83846;78318;93.4
152;3409;3560;93;1249;83788;78260;93.4
153;3408;3560;94;1268;83729;78201;93.4
154;3407;3560;95;1287;83670;78142;93.4
155;3406;3560;96;1306;83611;78083;93.4
156;3405;3560;97;1325;83551;78023;93.4
157;3404;3560;98;1344;83491;77963;93.4
158;3403;3560;99;1363;83431;77903;93.4
159;3402;3560;100;1382;83371;77845;93.4
160;3401;3560;101;1383;83368;77843;93.4
161;3400;3560;102;1393;83340;77813;93.4
162;3399;3560;103;1401;83324;77789;93.4
163;3398;3560;103;1401;83308;77773;93.4
164;3397;3560;103;1401;83292;77757;93.4
165;3396;3560;103;1401;83276;77744;93.4
166;3395;3560;104;1436;83171;77636;93.3
167;3394;3560;105;1460;83100;77562;93.3
168;3393;3560;106;1461;83099;77560;93.3
169;3392;3560;107;1462;83097;77559;93.3
170;3391;3560;108;1479;83046;77506;93.3
171;3390;3560;109;1480;83045;77504;93.3
172;3389;3560;110;1481;83043;77503;93.3
173;3388;3560;111;1505;82982;77441;93.3
174;3387;3560;112;1511;82973;77430;93.3
175;3386;3560;113;1514;82970;77426;93.3
176;3385;3560;114;1517;82967;77421;93.3
177;3384;3560;115;1542;82911;77365;93.3
178;3383;3560;116;1567;82855;77309;93.3
179;3382;3560;117;1592;82799;77253;93.3
180;3381;3560;118;1617;82743;77197;93.3
181;3380;3560;119;1626;82717;77171;93.3
182;3379;3560;120;1636;82688;77142;93.3
183;3378;3560;121;1649;82658;77111;93.3
184;3377;3560;122;1654;82648;77100;93.3
185;3376;3560;123;1660;82636;77087;93.3
186;3375;3560;124;1673;82603;77052;93.3
187;3374;3560;125;1686;82573;77021;93.3
188;3373;3560;126;1701;82538;76985;93.3
189;3372;3560;127;1707;82529;76974;93.3
190;3371;3560;128;1720;82492;76936;93.3
191;3370;3560;129;1721;82491;76934;93.3
192;3369;3560;130;1735;82461;76904;93.3
193;3368;3560;130;1735;82444;76887;93.3
194;3367;3560;131;1750;82405;76847;93.3
195;3366;3560;131;1750;82379;76821;93.3
196;3365;3560;131;1750;82353;76795;93.3
197;3364;3560;132;1764;82327;76767;93.2
198;3363;3560;133;1778;82301;76740;93.2
199;3362;3560;134;1779;82300;76738;93.2
200;3361;3560;134;1779;82299;76737;93.2
201;3360;3560;134;1779;82298;76736;93.2
202;3359;3560;134;1779;82297;76736;93.2
203;3358;3560;135;1802;82221;76657;93.2
204;3357;3560;135;1802;82162;76598;93.2
205;3356;3560;136;1825;82085;76521;93.2
206;3355;3560;137;1848;82010;76446;93.2
207;3354;3560;136;1825;81971;76407;93.2
208;3353;3560;136;1825;81914;76350;93.2
209;3352;3560;136;1825;81861;76297;93.2
210;3351;3560;136;1825;81806;76242;93.2
211;3350;3560;136;1825;81755;76191;93.2
212;3349;3560;136;1825;81702;76138;93.2
213;3348;3560;136;1825;81653;76089;93.2
214;3347;3560;136;1825;81602;76038;93.2
215;3346;3560;136;1825;81555;75991;93.2
216;3345;3560;136;1825;81506;75942;93.2
217;3344;3560;137;1849;81435;75871;93.2
218;3343;3560;137;1849;81390;75826;93.2
219;3342;3560;137;1849;81343;75779;93.2
220;3341;3560;138;1871;81280;75714;93.2
221;3340;3560;139;1893;81218;75652;93.1
222;3339;3560;139;1893;81169;75603;93.1
223;3338;3560;139;1893;81121;75555;93.1
224;3337;3560;138;1871;81086;75520;93.1
225;3336;3560;138;1871;81043;75477;93.1
226;3335;3560;138;1871;81002;75436;93.1
227;3334;3560;139;1889;80941;75374;93.1
228;3333;3560;139;1889;80902;75335;93.1
229;3332;3560;140;1908;80844;75277;93.1
230;3331;3560;139;1889;80814;75247;93.1
231;3330;3560;138;1870;80784;75217;93.1
232;3329;3560;137;1851;80754;75187;93.1
233;3328;3560;137;1851;80717;75152;93.1
234;3327;3560;136;1832;80688;75123;93.1
235;3326;3560;135;1813;80659;75094;93.1
236;3325;3560;134;1794;80635;75070;93.1
237;3324;3560;135;1814;80577;75010;93.1
238;3323;3560;134;1795;80556;74989;93.1
239;3322;3560;135;1821;80492;74924;93.1
240;3321;3560;136;1862;80371;74803;93.1
241;3320;3560;136;1862;80332;74764;93.1
242;3319;3560;136;1862;80293;74725;93.1
243;3318;3560;137;1882;80237;74669;93.1
244;3317;3560;138;1906;80177;74609;93.1
245;3316;3560;137;1882;80163;74595;93.1
246;3315;3560;138;1917;80058;74490;93.0
247;3314;3560;138;1917;80021;74453;93.0
248;3313;3560;138;1917;79984;74416;93.0
249;3312;3560;138;1917;79947;74379;93.0
250;3311;3560;138;1917;79910;74342;93.0
251;3310;3560;139;1943;79850;74282;93.0
252;3309;3560;139;1943;79819;74251;93.0
253;3308;3560;139;1943;79783;74216;93.0
254;3307;3560;140;1978;79681;74114;93.0
255;3306;3560;140;1978;79610;74043;93.0
256;3305;3560;140;1978;79539;73972;93.0
257;3304;3560;141;1998;79486;73919;93.0
258;3303;3560;142;2022;79428;73861;93.0
259;3302;3560;143;2041;79377;73809;93.0
260;3301;3560;144;2065;79321;73753;93.0
261;3300;3560;144;2065;79288;73720;93.0
262;3299;3560;144;2065;79255;73687;93.0
263;3298;3560;144;2065;79222;73654;93.0
264;3297;3560;145;2081;79177;73607;93.0
265;3296;3560;145;2081;79145;73575;93.0
266;3295;3560;146;2097;79100;73529;93.0
267;3294;3560;146;2097;79068;73497;93.0
268;3293;3560;147;2113;79024;73452;92.9
269;3292;3560;147;2113;78996;73424;92.9
270;3291;3560;147;2113;78967;73395;92.9
271;3290;3560;147;2113;78937;73365;92.9
272;3289;3560;147;2113;78907;73335;92.9
273;3288;3560;146;2088;78901;73329;92.9
274;3287;3560;145;2063;78895;73323;92.9
275;3286;3560;144;2038;78889;73317;92.9
276;3285;3560;145;2055;78844;73272;92.9
277;3284;3560;146;2069;78804;73231;92.9
278;3283;3560;147;2083;78764;73190;92.9
279;3282;3560;148;2098;78723;73149;92.9
280;3281;3560;149;2121;78646;73072;92.9
281;3280;3560;148;2098;78617;73043;92.9
282;3279;3560;148;2098;78589;73015;92.9
283;3278;3560;148;2098;78561;72987;92.9
284;3277;3560;149;2119;78513;72938;92.9
285;3276;3560;150;2147;78432;72856;92.9
286;3275;3560;151;2162;78391;72815;92.9
287;3274;3560;152;2179;78349;72773;92.9
288;3273;3560;153;2192;78313;72737;92.9
289;3272;3560;153;2192;78286;72710;92.9
290;3271;3560;153;2192;78205;72629;92.9
291;3270;3560;153;2192;78124;72548;92.9
292;3269;3560;152;2168;78090;72514;92.9
293;3268;3560;153;2181;78055;72479;92.9
294;3267;3560;154;2194;78020;72444;92.9
295;3266;3560;155;2207;77985;72409;92.8
296;3265;3560;156;2220;77950;72374;92.8
297;3264;3560;157;2233;77915;72339;92.8
298;3263;3560;158;2246;77879;72302;92.8
299;3262;3560;159;2284;77792;72213;92.8
300;3261;3560;160;2298;77754;72175;92.8
301;3260;3560;160;2298;77730;72151;92.8
302;3259;3560;160;2298;77706;72127;92.8
303;3258;3560;160;2298;77682;72103;92.8
304;3257;3560;161;2313;77645;72065;92.8
305;3256;3560;162;2325;77612;72030;92.8
306;3255;3560;162;2325;77588;72006;92.8
307;3254;3560;162;2325;77564;71982;92.8
308;3253;3560;163;2340;77527;71945;92.8
309;3252;3560;164;2352;77497;71912;92.8
310;3251;3560;165;2363;77465;71879;92.8
311;3250;3560;166;2374;77433;71847;92.8
312;3249;3560;167;2385;77401;71815;92.8
313;3248;3560;167;2385;77330;71744;92.8
314;3247;3560;168;2396;77299;71711;92.8
315;3246;3560;169;2408;77268;71681;92.8
316;3245;3560;170;2420;77237;71650;92.8
317;3244;3560;171;2432;77206;71619;92.8
318;3243;3560;172;2444;77175;71588;92.8
319;3242;3560;173;2455;77146;71556;92.8
320;3241;3560;174;2466;77117;71526;92.7
321;3240;3560;175;2480;77081;71490;92.7
322;3239;3560;176;2491;77051;71459;92.7
323;3238;3560;177;2502;77022;71428;92.7
324;3237;3560;178;2513;76992;71397;92.7
325;3236;3560;179;2524;76963;71367;92.7
326;3235;3560;180;2534;76935;71339;92.7
327;3234;3560;181;2547;76903;71307;92.7
328;3233;3560;182;2560;76871;71275;92.7
329;3232;3560;182;2560;76850;71254;92.7
330;3231;3560;183;2582;76786;71190;92.7
331;3230;3560;183;2582;76743;71147;92.7
332;3229;3560;183;2582;76700;71104;92.7
333;3228;3560;184;2606;76635;71038;92.7
334;3227;3560;184;2606;76592;70995;92.7
335;3226;3560;184;2606;76549;70952;92.7
336;3225;3560;184;2606;76506;70909;92.7
337;3224;3560;183;2587;76499;70902;92.7
338;3223;3560;184;2609;76439;70838;92.7
339;3222;3560;185;2630;76377;70776;92.7
340;3221;3560;185;2630;76357;70756;92.7
341;3220;3560;186;2641;76329;70727;92.7
342;3219;3560;187;2652;76300;70697;92.7
343;3218;3560;188;2663;76272;70668;92.7
344;3217;3560;189;2674;76243;70639;92.6
345;3216;3560;190;2685;76214;70610;92.6
346;3215;3560;190;2685;76193;70589;92.6
347;3214;3560;190;2685;76172;70568;92.6
348;3213;3560;190;2685;76152;70548;92.6
349;3212;3560;190;2685;76132;70528;92.6
350;3211;3560;191;2696;76104;70500;92.6
351;3210;3560;192;2706;76076;70472;92.6
352;3209;3560;193;2713;76053;70449;92.6
353;3208;3560;194;2724;76024;70420;92.6
354;3207;3560;195;2738;75990;70386;92.6
355;3206;3560;196;2761;75927;70323;92.6
356;3205;3560;197;2783;75865;70261;92.6
357;3204;3560;197;2783;75784;70180;92.6
358;3203;3560;198;2792;75759;70154;92.6
359;3202;3560;199;2801;75733;70128;92.6
360;3201;3560;200;2811;75706;70101;92.6
361;3200;3560;200;2811;75687;70082;92.6
362;3199;3560;201;2822;75659;70053;92.6
363;3198;3560;201;2822;75640;70034;92.6
364;3197;3560;201;2822;75621;70015;92.6
365;3196;3560;201;2822;75604;69998;92.6
366;3195;3560;202;2831;75579;69971;92.6
367;3194;3560;203;2841;75553;69945;92.6
368;3193;3560;204;2850;75528;69918;92.6
369;3192;3560;204;2850;75508;69898;92.6
370;3191;3560;205;2860;75483;69871;92.6
371;3190;3560;206;2874;75450;69838;92.6
372;3189;3560;206;2874;75430;69818;92.6
373;3188;3560;206;2874;75410;69798;92.6
374;3187;3560;206;2874;75390;69778;92.6
375;3186;3560;207;2884;75363;69750;92.6
376;3185;3560;207;2884;75325;69712;92.5
377;3184;3560;208;2906;75266;69653;92.5
378;3183;3560;209;2928;75206;69593;92.5
379;3182;3560;209;2928;75168;69555;92.5
380;3181;3560;210;2937;75143;69529;92.5
381;3180;3560;210;2937;75124;69510;92.5
382;3179;3560;210;2937;75105;69491;92.5
383;3178;3560;210;2937;75087;69473;92.5
384;3177;3560;210;2937;75069;69455;92.5
385;3176;3560;210;2937;75051;69437;92.5
386;3175;3560;211;2947;75025;69412;92.5
387;3174;3560;212;2956;75002;69388;92.5
388;3173;3560;212;2956;74984;69370;92.5
389;3172;3560;212;2956;74966;69352;92.5
390;3171;3560;213;2964;74944;69328;92.5
391;3170;3560;214;2980;74910;69294;92.5
392;3169;3560;214;2980;74891;69275;92.5
393;3168;3560;214;2980;74872;69256;92.5
394;3167;3560;215;2999;74816;69200;92.5
395;3166;3560;215;2999;74778;69162;92.5
396;3165;3560;215;2999;74740;69124;92.5
397;3164;3560;215;2999;74702;69089;92.5
398;3163;3560;216;3039;74606;68993;92.5
399;3162;3560;217;3067;74526;68913;92.5
400;3161;3560;216;3039;74495;68882;92.5
401;3160;3560;216;3039;74439;68826;92.5
402;3159;3560;217;3061;74380;68767;92.5
403;3158;3560;218;3082;74322;68709;92.4
404;3157;3560;218;3082;74248;68635;92.4
405;3156;3560;217;3073;74239;68626;92.4
406;3155;3560;217;3073;74223;68610;92.4
407;3154;3560;218;3082;74202;68588;92.4
408;3153;3560;219;3092;74176;68561;92.4
409;3152;3560;220;3099;74154;68538;92.4
410;3151;3560;220;3099;74139;68523;92.4
411;3150;3560;220;3099;74121;68505;92.4
412;3149;3560;220;3099;74103;68487;92.4
413;3148;3560;221;3113;74072;68456;92.4
414;3147;3560;222;3124;74044;68428;92.4
415;3146;3560;223;3148;73985;68369;92.4
416;3145;3560;224;3186;73896;68280;92.4
417;3144;3560;225;3213;73819;68203;92.4
418;3143;3560;225;3213;73766;68150;92.4
419;3142;3560;226;3251;73678;68062;92.4
420;3141;3560;226;3251;73643;68027;92.4
421;3140;3560;227;3269;73591;67975;92.4
422;3139;3560;227;3268;73563;67947;92.4
423;3138;3560;226;3244;73552;67936;92.4
424;3137;3560;225;3206;73536;67920;92.4
425;3136;3560;226;3244;73449;67833;92.4
426;3135;3560;227;3262;73398;67782;92.3
427;3134;3560;228;3280;73347;67731;92.3
428;3133;3560;229;3289;73322;67706;92.3
429;3132;3560;230;3297;73300;67683;92.3
430;3131;3560;231;3305;73278;67661;92.3
431;3130;3560;231;3305;73261;67644;92.3
432;3129;3560;232;3313;73239;67622;92.3
433;3128;3560;233;3321;73217;67599;92.3
434;3127;3560;233;3321;73200;67582;92.3
435;3126;3560;234;3329;73179;67561;92.3
436;3125;3560;235;3338;73156;67538;92.3
437;3124;3560;235;3338;73139;67521;92.3
438;3123;3560;234;3329;73133;67515;92.3
439;3122;3560;235;3338;73110;67492;92.3
440;3121;3560;236;3347;73087;67469;92.3
441;3120;3560;237;3355;73066;67446;92.3
442;3119;3560;238;3363;73044;67423;92.3
443;3118;3560;239;3371;73022;67400;92.3
444;3117;3560;240;3379;73001;67377;92.3
445;3116;3560;240;3379;72984;67360;92.3
446;3115;3560;241;3389;72961;67333;92.3
447;3114;3560;241;3389;72944;67316;92.3
448;3113;3560;241;3389;72927;67299;92.3
449;3112;3560;241;3389;72910;67282;92.3
450;3111;3560;241;3389;72893;67265;92.3
451;3110;3560;241;3389;72876;67248;92.3
452;3109;3560;241;3389;72859;67231;92.3
453;3108;3560;241;3389;72842;67214;92.3
454;3107;3560;241;3389;72825;67197;92.3
455;3106;3560;241;3389;72808;67180;92.3
456;3105;3560;241;3389;72791;67167;92.3
457;3104;3560;241;3389;72775;67151;92.3
458;3103;3560;241;3389;72759;67135;92.3
459;3102;3560;242;3396;72740;67115;92.3
460;3101;3560;242;3396;72729;67104;92.3
461;3100;3560;242;3396;72712;67087;92.3
462;3099;3560;242;3396;72695;67070;92.3
463;3098;3560;241;3382;72692;67067;92.3
464;3097;3560;241;3382;72675;67050;92.3
465;3096;3560;242;3400;72625;67000;92.3
466;3095;3560;243;3416;72577;66952;92.2
467;3094;3560;243;3416;72545;66920;92.2
468;3093;3560;244;3440;72489;66864;92.2
469;3092;3560;244;3440;72456;66831;92.2
470;3091;3560;245;3464;72400;66775;92.2
471;3090;3560;245;3464;72367;66742;92.2
472;3089;3560;245;3464;72286;66661;92.2
473;3088;3560;246;3482;72237;66612;92.2
474;3087;3560;247;3491;72212;66587;92.2
475;3086;3560;248;3507;72165;66540;92.2
476;3085;3560;248;3507;72151;66526;92.2
477;3084;3560;248;3507;72135;66510;92.2
478;3083;3560;248;3507;72120;66495;92.2
479;3082;3560;249;3515;72100;66475;92.2
480;3081;3560;250;3523;72079;66454;92.2
481;3080;3560;250;3523;72065;66440;92.2
482;3079;3560;250;3523;72034;66410;92.2
483;3078;3560;250;3523;72019;66395;92.2
484;3077;3560;250;3523;72003;66379;92.2
485;3076;3560;251;3531;71983;66358;92.2
486;3075;3560;252;3541;71960;66335;92.2
487;3074;3560;252;3541;71945;66320;92.2
488;3073;3560;252;3541;71929;66304;92.2
489;3072;3560;253;3566;71873;66248;92.2
490;3071;3560;253;3566;71841;66216;92.2
491;3070;3560;253;3566;71809;66184;92.2
492;3069;3560;253;3566;71795;66170;92.2
493;3068;3560;254;3575;71772;66146;92.2
494;3067;3560;255;3584;71749;66122;92.2
495;3066;3560;255;3584;71733;66106;92.2
496;3065;3560;255;3584;71717;66090;92.2
497;3064;3560;254;3560;71710;66083;92.2
498;3063;3560;253;3536;71703;66076;92.2
499;3062;3560;253;3536;71671;66044;92.1
500;3061;3560;253;3536;71639;66012;92.1
501;3060;3560;253;3536;71607;65980;92.1
502;3059;3560;253;3536;71575;65948;92.1
503;3058;3560;253;3536;71543;65916;92.1
504;3057;3560;253;3536;71511;65884;92.1
505;3056;3560;254;3553;71466;65839;92.1
506;3055;3560;254;3553;71435;65808;92.1
507;3054;3560;254;3553;71404;65777;92.1
508;3053;3560;254;3553;71373;65746;92.1
509;3052;3560;253;3528;71369;65742;92.1
510;3051;3560;254;3552;71307;65678;92.1
511;3050;3560;253;3531;71279;65650;92.1
512;3049;3560;253;3531;71235;65606;92.1
513;3048;3560;253;3530;71191;65562;92.1
514;3047;3560;253;3530;71146;65517;92.1
515;3046;3560;253;3530;71101;65472;92.1
516;3045;3560;253;3530;71056;65427;92.1
517;3044;3560;253;3530;71011;65382;92.1
518;3043;3560;254;3537;70992;65362;92.1
519;3042;3560;255;3545;70971;65341;92.1
520;3041;3560;255;3545;70956;65326;92.1
521;3040;3560;255;3545;70941;65311;92.1
522;3039;3560;255;3545;70926;65296;92.1
523;3038;3560;255;3545;70911;65281;92.1
524;3037;3560;256;3553;70891;65260;92.1
525;3036;3560;256;3553;70876;65245;92.1
526;3035;3560;256;3553;70861;65230;92.1
527;3034;3560;256;3553;70846;65215;92.1
528;3033;3560;256;3553;70831;65200;92.1
529;3032;3560;256;3553;70820;65189;92.0
530;3031;3560;256;3553;70806;65175;92.0
531;3030;3560;256;3553;70777;65147;92.0
532;3029;3560;256;3553;70748;65119;92.0
533;3028;3560;256;3553;70722;65093;92.0
534;3027;3560;256;3553;70710;65082;92.0
535;3026;3560;257;3560;70691;65062;92.0
536;3025;3560;257;3560;70676;65047;92.0
537;3024;3560;257;3560;70661;65032;92.0
538;3023;3560;257;3560;70646;65017;92.0
539;3022;3560;257;3560;70631;65002;92.0
540;3021;3560;257;3560;70616;64987;92.0
541;3020;3560;257;3560;70601;64972;92.0
542;3019;3560;257;3560;70589;64960;92.0
543;3018;3560;258;3572;70551;64921;92.0
544;3017;3560;259;3580;70529;64899;92.0
545;3016;3560;259;3580;70514;64884;92.0
546;3015;3560;259;3580;70472;64842;92.0
547;3014;3560;260;3600;70425;64794;92.0
548;3013;3560;260;3600;70396;64765;92.0
549;3012;3560;260;3600;70353;64727;92.0
550;3011;3560;259;3581;70329;64703;92.0
551;3010;3560;260;3590;70307;64681;92.0
552;3009;3560;261;3599;70284;64658;92.0
553;3008;3560;261;3599;70270;64644;92.0
554;3007;3560;262;3612;70232;64606;92.0
555;3006;3560;262;3611;70225;64600;92.0
556;3005;3560;262;3611;70169;64544;92.0
557;3004;3560;262;3611;70113;64488;92.0
558;3003;3560;263;3628;70074;64443;92.0
559;3002;3560;264;3656;70004;64373;92.0
560;3001;3560;265;3676;69958;64327;92.0
561;3000;3560;266;3690;69933;64303;91.9
562;2999;3560;265;3676;69931;64301;91.9
563;2998;3560;266;3690;69906;64282;92.0
564;2997;3560;265;3676;69904;64280;92.0
565;2996;3560;265;3676;69843;64219;91.9
566;2995;3560;266;3703;69764;64140;91.9
567;2994;3560;267;3728;69700;64075;91.9
568;2993;3560;267;3728;69659;64034;91.9
569;2992;3560;267;3728;69618;63993;91.9
570;2991;3560;267;3728;69577;63952;91.9
571;2990;3560;267;3728;69537;63912;91.9
572;2989;3560;267;3728;69496;63873;91.9
573;2988;3560;268;3754;69432;63809;91.9
574;2987;3560;269;3769;69394;63771;91.9
575;2986;3560;270;3781;69359;63738;91.9
576;2985;3560;271;3798;69316;63695;91.9
577;2984;3560;271;3798;69289;63668;91.9
578;2983;3560;272;3818;69244;63623;91.9
579;2982;3560;272;3818;69217;63596;91.9
580;2981;3560;272;3818;69190;63569;91.9
581;2980;3560;272;3818;69163;63542;91.9
582;2979;3560;272;3818;69136;63515;91.9
583;2978;3560;273;3838;69083;63462;91.9
584;2977;3560;273;3838;69044;63423;91.9
585;2976;3560;273;3838;68992;63371;91.9
586;2975;3560;272;3831;68988;63367;91.9
587;2974;3560;273;3853;68928;63307;91.8
588;2973;3560;274;3893;68836;63215;91.8
589;2972;3560;273;3881;68821;63200;91.8
590;2971;3560;273;3881;68816;63195;91.8
591;2970;3560;273;3881;68803;63182;91.8
592;2969;3560;273;3881;68790;63169;91.8
593;2968;3560;273;3881;68777;63156;91.8
594;2967;3560;273;3881;68752;63132;91.8
595;2966;3560;274;3888;68735;63114;91.8
596;2965;3560;274;3888;68698;63077;91.8
597;2964;3560;275;3908;68654;63033;91.8
598;2963;3560;275;3908;68628;63007;91.8
599;2962;3560;275;3908;68602;62981;91.8
600;2961;3560;275;3908;68550;62929;91.8
601;2960;3560;275;3908;68498;62877;91.8
602;2959;3560;276;3946;68411;62790;91.8
603;2958;3560;277;3984;68324;62703;91.8
604;2957;3560;276;3946;68309;62688;91.8
605;2956;3560;277;3984;68222;62601;91.8
606;2955;3560;276;3946;68213;62592;91.8
607;2954;3560;276;3946;68176;62555;91.8
608;2953;3560;276;3946;68138;62517;91.8
609;2952;3560;276;3946;68100;62479;91.7
610;2951;3560;276;3946;68062;62441;91.7
611;2950;3560;276;3946;68024;62403;91.7
612;2949;3560;277;3970;67964;62342;91.7
613;2948;3560;278;3991;67908;62285;91.7
614;2947;3560;279;4006;67873;62250;91.7
615;2946;3560;280;4018;67839;62216;91.7
616;2945;3560;281;4031;67805;62182;91.7
617;2944;3560;282;4045;67767;62144;91.7
618;2943;3560;282;4045;67742;62119;91.7
619;2942;3560;283;4058;67705;62082;91.7
620;2941;3560;283;4058;67680;62057;91.7
621;2940;3560;283;4058;67655;62032;91.7
622;2939;3560;284;4076;67613;61990;91.7
623;2938;3560;283;4053;67599;61975;91.7
624;2937;3560;282;4030;67585;61960;91.7
625;2936;3560;283;4052;67527;61902;91.7
626;2935;3560;282;4030;67513;61888;91.7
627;2934;3560;283;4052;67454;61829;91.7
628;2933;3560;284;4074;67395;61770;91.7
629;2932;3560;284;4074;67358;61733;91.6
630;2931;3560;285;4094;67301;61676;91.6
631;2930;3560;286;4114;67244;61619;91.6
632;2929;3560;286;4114;67213;61597;91.6
633;2928;3560;286;4114;67176;61560;91.6
634;2927;3560;286;4114;67139;61523;91.6
635;2926;3560;286;4114;67102;61486;91.6
636;2925;3560;287;4135;67044;61428;91.6
637;2924;3560;288;4156;66988;61372;91.6
638;2923;3560;289;4182;66928;61312;91.6
639;2922;3560;290;4204;66862;61246;91.6
640;2921;3560;289;4182;66850;61234;91.6
641;2920;3560;288;4160;66838;61222;91.6
642;2919;3560;289;4178;66788;61171;91.6
643;2918;3560;289;4178;66756;61139;91.6
644;2917;3560;290;4184;66738;61121;91.6
645;2916;3560;291;4190;66721;61104;91.6
646;2915;3560;291;4190;66689;61077;91.6
647;2914;3560;290;4169;66675;61063;91.6
648;2913;3560;291;4206;66590;60978;91.6
649;2912;3560;291;4206;66555;60943;91.6
650;2911;3560;291;4206;66533;60921;91.6
651;2910;3560;292;4218;66501;60889;91.6
652;2909;3560;292;4218;66477;60865;91.6
653;2908;3560;293;4226;66458;60845;91.6
654;2907;3560;294;4234;66439;60825;91.6
655;2906;3560;295;4242;66420;60805;91.5
656;2905;3560;296;4255;66385;60771;91.5
657;2904;3560;297;4270;66349;60735;91.5
658;2903;3560;298;4277;66332;60717;91.5
659;2902;3560;298;4277;66321;60706;91.5
660;2901;3560;299;4284;66304;60688;91.5
661;2900;3560;300;4305;66250;60634;91.5
662;2899;3560;301;4311;66234;60617;91.5
663;2898;3560;302;4346;66132;60515;91.5
664;2897;3560;303;4382;66030;60413;91.5
665;2896;3560;303;4382;65995;60378;91.5
666;2895;3560;302;4362;65984;60367;91.5
667;2894;3560;303;4381;65930;60313;91.5
668;2893;3560;304;4402;65876;60259;91.5
669;2892;3560;303;4381;65862;60245;91.5
670;2891;3560;304;4403;65806;60189;91.5
671;2890;3560;305;4440;65723;60106;91.5
672;2889;3560;305;4440;65677;60060;91.4
673;2888;3560;306;4461;65624;60007;91.4
674;2887;3560;307;4483;65569;59952;91.4
675;2886;3560;307;4483;65526;59909;91.4
676;2885;3560;308;4523;65441;59824;91.4
677;2884;3560;308;4523;65386;59769;91.4
678;2883;3560;308;4523;65342;59725;91.4
679;2882;3560;309;4541;65292;59675;91.4
680;2881;3560;310;4562;65238;59621;91.4
681;2880;3560;310;4562;65195;59578;91.4
682;2879;3560;311;4586;65129;59512;91.4
683;2878;3560;312;4592;65114;59497;91.4
684;2877;3560;312;4592;65103;59486;91.4
685;2876;3560;312;4592;65083;59466;91.4
686;2875;3560;313;4604;65053;59436;91.4
687;2874;3560;313;4604;65032;59415;91.4
688;2873;3560;313;4604;65011;59394;91.4
689;2872;3560;313;4604;64990;59373;91.4
690;2871;3560;314;4609;64978;59361;91.4
691;2870;3560;314;4609;64956;59339;91.4
692;2869;3560;314;4609;64934;59317;91.3
693;2868;3560;314;4609;64912;59295;91.3
694;2867;3560;315;4618;64883;59266;91.3
695;2866;3560;316;4626;64865;59248;91.3
696;2865;3560;316;4626;64854;59237;91.3
697;2864;3560;316;4626;64822;59205;91.3
698;2863;3560;315;4602;64822;59205;91.3
699;2862;3560;314;4584;64808;59191;91.3
700;2861;3560;313;4566;64794;59177;91.3
701;2860;3560;313;4566;64763;59146;91.3
702;2859;3560;313;4566;64731;59114;91.3
703;2858;3560;314;4583;64682;59065;91.3
704;2857;3560;315;4607;64628;59011;91.3
705;2856;3560;315;4607;64608;58991;91.3
706;2855;3560;315;4607;64588;58972;91.3
707;2854;3560;315;4607;64568;58954;91.3
708;2853;3560;315;4607;64548;58936;91.3
709;2852;3560;315;4607;64528;58916;91.3
710;2851;3560;316;4618;64496;58884;91.3
711;2850;3560;316;4618;64475;58863;91.3
712;2849;3560;316;4618;64454;58842;91.3
713;2848;3560;316;4618;64433;58821;91.3
714;2847;3560;316;4618;64412;58800;91.3
715;2846;3560;316;4618;64391;58779;91.3
716;2845;3560;316;4618;64370;58758;91.3
717;2844;3560;317;4639;64318;58706;91.3
718;2843;3560;318;4655;64273;58662;91.3
719;2842;3560;318;4655;64244;58633;91.3
720;2841;3560;317;4617;64229;58618;91.3
721;2840;3560;316;4579;64216;58605;91.3
722;2839;3560;315;4541;64201;58590;91.3
723;2838;3560;315;4541;64150;58539;91.3
724;2837;3560;315;4541;64099;58488;91.2
725;2836;3560;315;4541;64048;58437;91.2
726;2835;3560;315;4541;63997;58386;91.2
727;2834;3560;315;4541;63946;58335;91.2
728;2833;3560;315;4541;63895;58284;91.2
729;2832;3560;315;4541;63844;58233;91.2
730;2831;3560;315;4541;63793;58182;91.2
731;2830;3560;315;4541;63742;58131;91.2
732;2829;3560;315;4541;63674;58063;91.2
733;2828;3560;314;4506;63640;58029;91.2
734;2827;3560;314;4506;63569;57958;91.2
735;2826;3560;315;4525;63520;57909;91.2
736;2825;3560;316;4542;63473;57862;91.2
737;2824;3560;316;4541;63434;57823;91.2
738;2823;3560;317;4550;63408;57796;91.1
739;2822;3560;317;4550;63388;57776;91.1
740;2821;3560;318;4560;63358;57746;91.1
741;2820;3560;318;4560;63348;57736;91.1
742;2819;3560;319;4571;63318;57706;91.1
743;2818;3560;319;4571;63298;57686;91.1
744;2817;3560;320;4611;63208;57596;91.1
745;2816;3560;320;4611;63158;57546;91.1
746;2815;3560;321;4623;63118;57506;91.1
747;2814;3560;321;4623;63098;57486;91.1
748;2813;3560;320;4612;63089;57477;91.1
749;2812;3560;321;4617;63078;57466;91.1
750;2811;3560;321;4617;63059;57447;91.1
751;2810;3560;321;4617;63039;57427;91.1
752;2809;3560;321;4617;63019;57407;91.1
753;2808;3560;322;4628;62989;57377;91.1
754;2807;3560;322;4628;62969;57357;91.1
755;2806;3560;323;4651;62917;57305;91.1
756;2805;3560;323;4651;62848;57236;91.1
757;2804;3560;323;4651;62815;57209;91.1
758;2803;3560;324;4690;62701;57093;91.1
759;2802;3560;324;4690;62664;57056;91.1
760;2801;3560;325;4706;62621;57013;91.0
761;2800;3560;325;4706;62593;56985;91.0
762;2799;3560;325;4706;62564;56956;91.0
763;2798;3560;326;4731;62511;56903;91.0
764;2797;3560;327;4752;62461;56853;91.0
765;2796;3560;328;4775;62410;56802;91.0
766;2795;3560;327;4752;62404;56796;91.0
767;2794;3560;326;4730;62393;56785;91.0
768;2793;3560;325;4708;62382;56774;91.0
769;2792;3560;326;4718;62353;56745;91.0
770;2791;3560;327;4730;62324;56715;91.0
771;2790;3560;327;4730;62250;56642;91.0
772;2789;3560;328;4749;62196;56587;91.0
773;2788;3560;329;4759;62173;56561;91.0
774;2787;3560;329;4759;62154;56542;91.0
775;2786;3560;329;4759;62135;56523;91.0
776;2785;3560;329;4759;62116;56504;91.0
777;2784;3560;330;4787;62050;56438;91.0
778;2783;3560;330;4787;62006;56394;90.9
779;2782;3560;331;4824;61922;56310;90.9
780;2781;3560;332;4862;61812;56200;90.9
781;2780;3560;333;4879;61768;56156;90.9
782;2779;3560;334;4896;61724;56112;90.9
783;2778;3560;335;4910;61686;56071;90.9
784;2777;3560;335;4910;61658;56043;90.9
785;2776;3560;336;4927;61614;55999;90.9
786;2775;3560;337;4942;61574;55958;90.9
787;2774;3560;336;4922;61554;55937;90.9
788;2773;3560;335;4904;61532;55915;90.9
789;2772;3560;334;4886;61510;55893;90.9
790;2771;3560;333;4868;61488;55871;90.9
791;2770;3560;332;4850;61466;55849;90.9
792;2769;3560;332;4850;61430;55813;90.9
793;2768;3560;332;4850;61394;55777;90.9
794;2767;3560;332;4850;61358;55741;90.8
795;2766;3560;332;4850;61322;55705;90.8
796;2765;3560;332;4850;61278;55661;90.8
797;2764;3560;331;4813;61272;55655;90.8
798;2763;3560;331;4813;61227;55610;90.8
799;2762;3560;331;4813;61156;55541;90.8
800;2761;3560;331;4813;61112;55497;90.8
801;2760;3560;332;4819;61098;55483;90.8
802;2759;3560;331;4798;61080;55463;90.8
803;2758;3560;330;4779;61060;55442;90.8
804;2757;3560;329;4760;61040;55421;90.8
805;2756;3560;328;4739;61022;55405;90.8
806;2755;3560;327;4720;61002;55386;90.8
807;2754;3560;326;4701;60982;55367;90.8
808;2753;3560;325;4684;60973;55358;90.8
809;2752;3560;324;4662;60961;55346;90.8
810;2751;3560;324;4662;60925;55310;90.8
811;2750;3560;324;4662;60889;55274;90.8
812;2749;3560;324;4662;60853;55238;90.8
813;2748;3560;324;4662;60817;55202;90.8
814;2747;3560;324;4662;60781;55166;90.8
815;2746;3560;323;4640;60769;55154;90.8
816;2745;3560;324;4645;60755;55140;90.8
817;2744;3560;323;4625;60741;55126;90.8
818;2743;3560;324;4642;60697;55082;90.7
819;2742;3560;324;4642;60670;55055;90.7
820;2741;3560;324;4642;60643;55028;90.7
821;2740;3560;324;4642;60616;55001;90.7
822;2739;3560;324;4642;60589;54974;90.7
823;2738;3560;323;4627;60576;54961;90.7
824;2737;3560;324;4631;60566;54951;90.7
825;2736;3560;323;4614;60556;54941;90.7
826;2735;3560;323;4614;60529;54914;90.7
827;2734;3560;324;4629;60489;54873;90.7
828;2733;3560;325;4634;60478;54862;90.7
829;2732;3560;324;4613;60462;54846;90.7
830;2731;3560;324;4613;60381;54767;90.7
831;2730;3560;325;4625;60352;54738;90.7
832;2729;3560;325;4625;60325;54711;90.7
833;2728;3560;325;4625;60298;54684;90.7
834;2727;3560;324;4605;60290;54676;90.7
835;2726;3560;324;4605;60263;54649;90.7
836;2725;3560;323;4585;60246;54630;90.7
837;2724;3560;322;4567;60227;54610;90.7
838;2723;3560;321;4549;60208;54590;90.7
839;2722;3560;320;4531;60189;54570;90.7
840;2721;3560;319;4513;60170;54550;90.7
841;2720;3560;318;4493;60153;54535;90.7
842;2719;3560;317;4475;60134;54517;90.7
843;2718;3560;316;4457;60115;54499;90.7
844;2717;3560;315;4439;60096;54481;90.7
845;2716;3560;314;4421;60077;54464;90.7
846;2715;3560;314;4421;60042;54429;90.7
847;2714;3560;315;4437;60006;54380;90.6
848;2713;3560;316;4465;59943;54317;90.6
849;2712;3560;316;4465;59908;54282;90.6
850;2711;3560;316;4465;59873;54247;90.6
851;2710;3560;317;4491;59801;54172;90.6
852;2709;3560;318;4506;59765;54136;90.6
853;2708;3560;319;4527;59718;54089;90.6
854;2707;3560;319;4527;59692;54063;90.6
855;2706;3560;319;4527;59666;54037;90.6
856;2705;3560;319;4527;59640;54011;90.6
857;2704;3560;320;4542;59602;53974;90.6
858;2703;3560;321;4561;59559;53931;90.6
859;2702;3560;322;4580;59516;53888;90.5
860;2701;3560;322;4580;59490;53862;90.5
861;2700;3560;321;4560;59492;53864;90.5
862;2699;3560;321;4560;59466;53838;90.5
863;2698;3560;321;4560;59440;53812;90.5
864;2697;3560;321;4560;59414;53786;90.5
865;2696;3560;322;4591;59315;53687;90.5
866;2695;3560;323;4609;59265;53637;90.5
867;2694;3560;323;4609;59231;53603;90.5
868;2693;3560;324;4619;59206;53577;90.5
869;2692;3560;325;4628;59181;53552;90.5
870;2691;3560;325;4628;59164;53535;90.5
871;2690;3560;325;4628;59147;53518;90.5
872;2689;3560;325;4628;59131;53503;90.5
873;2688;3560;325;4628;59115;53487;90.5
874;2687;3560;325;4628;59098;53470;90.5
875;2686;3560;325;4628;59081;53453;90.5
876;2685;3560;325;4628;59064;53436;90.5
877;2684;3560;325;4628;59047;53419;90.5
878;2683;3560;325;4628;59030;53402;90.5
879;2682;3560;326;4662;58949;53301;90.4
880;2681;3560;327;4687;58891;53243;90.4
881;2680;3560;327;4687;58857;53209;90.4
882;2679;3560;327;4687;58826;53178;90.4
883;2678;3560;327;4687;58809;53161;90.4
884;2677;3560;327;4687;58784;53136;90.4
885;2676;3560;326;4671;58771;53124;90.4
886;2675;3560;326;4671;58746;53099;90.4
887;2674;3560;325;4656;58732;53085;90.4
888;2673;3560;325;4656;58707;53060;90.4
889;2672;3560;325;4656;58682;53035;90.4
890;2671;3560;325;4656;58657;53010;90.4
891;2670;3560;325;4656;58632;52985;90.4
892;2669;3560;325;4656;58607;52960;90.4
893;2668;3560;324;4616;58599;52952;90.4
894;2667;3560;324;4616;58549;52902;90.4
895;2666;3560;324;4616;58524;52877;90.4
896;2665;3560;325;4640;58453;52806;90.3
897;2664;3560;325;4640;58434;52787;90.3
898;2663;3560;325;4640;58410;52763;90.3
899;2662;3560;325;4640;58385;52738;90.3
900;2661;3560;324;4621;58378;52731;90.3
901;2660;3560;324;4621;58353;52706;90.3
902;2659;3560;324;4621;58322;52675;90.3
903;2658;3560;325;4639;58275;52626;90.3
904;2657;3560;325;4639;58243;52594;90.3
905;2656;3560;325;4639;58202;52553;90.3
906;2655;3560;325;4639;58162;52513;90.3
907;2654;3560;325;4639;58122;52473;90.3
908;2653;3560;326;4643;58110;52461;90.3
909;2652;3560;325;4625;58097;52448;90.3
910;2651;3560;324;4607;58084;52435;90.3
911;2650;3560;324;4607;58052;52403;90.3
912;2649;3560;324;4607;58020;52371;90.3
913;2648;3560;325;4620;57983;52334;90.3
914;2647;3560;325;4620;57959;52310;90.3
915;2646;3560;326;4633;57923;52274;90.2
916;2645;3560;326;4633;57899;52250;90.2
917;2644;3560;327;4643;57875;52226;90.2
918;2643;3560;327;4643;57859;52210;90.2
919;2642;3560;327;4643;57843;52195;90.2
920;2641;3560;327;4643;57795;52147;90.2
921;2640;3560;328;4680;57710;52062;90.2
922;2639;3560;329;4717;57625;51977;90.2
923;2638;3560;330;4731;57587;51939;90.2
924;2637;3560;330;4731;57563;51915;90.2
925;2636;3560;330;4731;57539;51891;90.2
926;2635;3560;330;4731;57515;51867;90.2
927;2634;3560;331;4749;57467;51819;90.2
928;2633;3560;331;4749;57435;51787;90.2
929;2632;3560;331;4749;57403;51755;90.2
930;2631;3560;332;4766;57355;51707;90.2
931;2630;3560;332;4766;57348;51701;90.2
932;2629;3560;333;4779;57313;51666;90.1
933;2628;3560;334;4801;57260;51613;90.1
934;2627;3560;335;4809;57236;51589;90.1
935;2626;3560;335;4809;57220;51573;90.1
936;2625;3560;334;4796;57210;51563;90.1
937;2624;3560;334;4796;57194;51547;90.1
938;2623;3560;334;4796;57187;51540;90.1
939;2622;3560;334;4796;57171;51524;90.1
940;2621;3560;334;4796;57155;51508;90.1
941;2620;3560;335;4817;57095;51448;90.1
942;2619;3560;335;4817;57066;51419;90.1
943;2618;3560;336;4838;57006;51359;90.1
944;2617;3560;336;4838;56976;51329;90.1
945;2616;3560;337;4860;56924;51277;90.1
946;2615;3560;338;4872;56889;51242;90.1
947;2614;3560;338;4872;56868;51221;90.1
948;2613;3560;338;4872;56845;51198;90.1
949;2612;3560;338;4872;56822;51175;90.1
950;2611;3560;338;4872;56801;51154;90.1
951;2610;3560;339;4882;56771;51124;90.1
952;2609;3560;338;4845;56769;51122;90.1
953;2608;3560;339;4856;56740;51091;90.0
954;2607;3560;340;4867;56711;51061;90.0
955;2606;3560;339;4854;56704;51054;90.0
956;2605;3560;339;4854;56681;51031;90.0
957;2604;3560;338;4840;56675;51025;90.0
958;2603;3560;337;4825;56674;51025;90.0
959;2602;3560;337;4825;56651;51002;90.0
960;2601;3560;338;4855;56566;50916;90.0
961;2600;3560;339;4882;56481;50831;90.0
962;2599;3560;339;4882;56445;50795;90.0
963;2598;3560;339;4882;56409;50759;90.0
964;2597;3560;339;4882;56373;50723;90.0
965;2596;3560;339;4882;56345;50695;90.0
966;2595;3560;340;4889;56326;50673;90.0
967;2594;3560;340;4889;56311;50658;90.0
968;2593;3560;340;4889;56296;50643;90.0
969;2592;3560;340;4889;56281;50631;90.0
970;2591;3560;341;4903;56237;50587;90.0
971;2590;3560;342;4913;56214;50563;89.9
972;2589;3560;343;4923;56191;50541;89.9
973;2588;3560;344;4932;56168;50518;89.9
974;2587;3560;344;4932;56153;50503;89.9
975;2586;3560;344;4932;56138;50488;89.9
976;2585;3560;345;4940;56118;50466;89.9
977;2584;3560;346;4949;56094;50442;89.9
978;2583;3560;347;4989;56002;50350;89.9
979;2582;3560;347;4989;55967;50315;89.9
980;2581;3560;347;4989;55923;50271;89.9
981;2580;3560;347;4988;55902;50251;89.9
982;2579;3560;347;4988;55881;50231;89.9
983;2578;3560;348;4999;55852;50202;89.9
984;2577;3560;349;5011;55821;50171;89.9
985;2576;3560;349;5011;55801;50151;89.9
986;2575;3560;349;5011;55781;50131;89.9
987;2574;3560;349;5011;55761;50111;89.9
988;2573;3560;349;5011;55741;50091;89.9
989;2572;3560;348;4996;55733;50083;89.9
990;2571;3560;348;4996;55682;50032;89.9
991;2570;3560;348;4996;55631;49981;89.8
992;2569;3560;348;4996;55580;49930;89.8
993;2568;3560;348;4996;55529;49879;89.8
994;2567;3560;348;4996;55478;49828;89.8
995;2566;3560;348;4996;55427;49777;89.8
996;2565;3560;348;4996;55376;49726;89.8
997;2564;3560;348;4996;55325;49675;89.8
998;2563;3560;348;4996;55274;49624;89.8
999;2562;3560;348;4996;55223;49581;89.8
1000;2561;3560;349;5011;55180;49538;89.8
1001;2560;3560;349;5011;55151;49509;89.8
1002;2559;3560;349;5011;55122;49480;89.8
1003;2558;3560;349;5011;55094;49452;89.8
1004;2557;3560;349;5011;55065;49423;89.8
1005;2556;3560;349;5011;55036;49394;89.7
1006;2555;3560;349;5011;55007;49365;89.7
1007;2554;3560;349;5011;54978;49336;89.7
1008;2553;3560;349;5011;54949;49307;89.7
1009;2552;3560;349;5011;54920;49278;89.7
1010;2551;3560;349;5011;54891;49249;89.7
1011;2550;3560;350;5028;54845;49203;89.7
1012;2549;3560;350;5028;54816;49174;89.7
1013;2548;3560;350;5028;54787;49145;89.7
1014;2547;3560;350;5028;54760;49118;89.7
1015;2546;3560;350;5028;54731;49089;89.7
1016;2545;3560;351;5045;54685;49043;89.7
1017;2544;3560;352;5062;54639;48997;89.7
1018;2543;3560;353;5086;54588;48946;89.7
1019;2542;3560;354;5100;54558;48917;89.7
1020;2541;3560;354;5100;54529;48888;89.7
1021;2540;3560;354;5100;54493;48852;89.6
1022;2539;3560;354;5100;54457;48816;89.6
1023;2538;3560;354;5100;54421;48780;89.6
1024;2537;3560;354;5100;54385;48744;89.6
1025;2536;3560;353;5060;54377;48736;89.6
1026;2535;3560;354;5110;54260;48609;89.6
1027;2534;3560;355;5121;54230;48579;89.6
1028;2533;3560;354;5110;54220;48569;89.6
1029;2532;3560;354;5110;54199;48548;89.6
1030;2531;3560;354;5110;54178;48527;89.6
1031;2530;3560;354;5110;54157;48506;89.6
1032;2529;3560;354;5110;54136;48485;89.6
1033;2528;3560;354;5110;54115;48464;89.6
1034;2527;3560;354;5110;54094;48443;89.6
1035;2526;3560;354;5110;54066;48415;89.5
1036;2525;3560;353;5093;54052;48400;89.5
1037;2524;3560;352;5076;54038;48386;89.5
1038;2523;3560;352;5076;54011;48359;89.5
1039;2522;3560;353;5091;53973;48321;89.5
1040;2521;3560;354;5099;53952;48300;89.5
1041;2520;3560;354;5099;53938;48286;89.5
1042;2519;3560;355;5110;53906;48254;89.5
1043;2518;3560;356;5120;53884;48232;89.5
1044;2517;3560;356;5120;53836;48184;89.5
1045;2516;3560;356;5120;53788;48136;89.5
1046;2515;3560;357;5137;53743;48091;89.5
1047;2514;3560;357;5137;53704;48052;89.5
1048;2513;3560;358;5162;53639;47987;89.5
1049;2512;3560;358;5162;53597;47945;89.5
1050;2511;3560;358;5162;53555;47903;89.4
1051;2510;3560;358;5162;53536;47884;89.4
1052;2509;3560;357;5154;53530;47879;89.4
1053;2508;3560;357;5154;53517;47866;89.4
1054;2507;3560;357;5154;53497;47846;89.4
1055;2506;3560;357;5154;53477;47826;89.4
1056;2505;3560;358;5166;53446;47795;89.4
1057;2504;3560;358;5166;53425;47774;89.4
1058;2503;3560;358;5166;53404;47753;89.4
1059;2502;3560;358;5166;53383;47732;89.4
1060;2501;3560;359;5170;53374;47722;89.4
1061;2500;3560;360;5186;53340;47687;89.4
1062;2499;3560;361;5207;53279;47626;89.4
1063;2498;3560;361;5207;53245;47592;89.4
1064;2497;3560;361;5207;53211;47558;89.4
1065;2496;3560;361;5206;53185;47532;89.4
1066;2495;3560;361;5206;53158;47505;89.4
1067;2494;3560;360;5189;53149;47496;89.4
1068;2493;3560;360;5189;53122;47469;89.4
1069;2492;3560;360;5189;53095;47442;89.4
1070;2491;3560;361;5201;53063;47410;89.3
1071;2490;3560;361;5201;53044;47391;89.3
1072;2489;3560;362;5210;53015;47362;89.3
1073;2488;3560;362;5210;52995;47342;89.3
1074;2487;3560;362;5210;52956;47303;89.3
1075;2486;3560;362;5210;52917;47264;89.3
1076;2485;3560;362;5210;52897;47245;89.3
1077;2484;3560;361;5199;52886;47234;89.3
1078;2483;3560;362;5210;52861;47206;89.3
1079;2482;3560;362;5210;52842;47187;89.3
1080;2481;3560;363;5230;52787;47129;89.3
1081;2480;3560;364;5237;52765;47107;89.3
1082;2479;3560;364;5237;52746;47088;89.3
1083;2478;3560;364;5237;52727;47069;89.3
1084;2477;3560;364;5237;52708;47050;89.3
1085;2476;3560;364;5237;52690;47032;89.3
1086;2475;3560;364;5237;52672;47014;89.3
1087;2474;3560;365;5258;52611;46953;89.2
1088;2473;3560;366;5276;52562;46904;89.2
1089;2472;3560;366;5276;52529;46871;89.2
1090;2471;3560;366;5276;52497;46839;89.2
1091;2470;3560;366;5276;52465;46807;89.2
1092;2469;3560;366;5276;52433;46775;89.2
1093;2468;3560;366;5276;52400;46742;89.2
1094;2467;3560;365;5239;52401;46743;89.2
1095;2466;3560;365;5239;52360;46704;89.2
1096;2465;3560;366;5274;52257;46601;89.2
1097;2464;3560;365;5267;52256;46600;89.2
1098;2463;3560;365;5267;52204;46548;89.2
1099;2462;3560;365;5267;52182;46526;89.2
1100;2461;3560;366;5273;52163;46507;89.2
1101;2460;3560;366;5273;52141;46485;89.2
1102;2459;3560;366;5273;52130;46476;89.2
1103;2458;3560;367;5281;52110;46456;89.1
1104;2457;3560;368;5289;52090;46435;89.1
1105;2456;3560;367;5249;52086;46431;89.1
1106;2455;3560;368;5261;52053;46398;89.1
1107;2454;3560;369;5273;52020;46361;89.1
1108;2453;3560;369;5273;51998;46339;89.1
1109;2452;3560;369;5273;51975;46318;89.1
1110;2451;3560;368;5258;51963;46306;89.1
1111;2450;3560;369;5272;51924;46267;89.1
1112;2449;3560;368;5257;51928;46271;89.1
1113;2448;3560;369;5271;51890;46232;89.1
1114;2447;3560;369;5271;51864;46206;89.1
1115;2446;3560;369;5271;51838;46180;89.1
1116;2445;3560;369;5271;51812;46154;89.1
1117;2444;3560;369;5271;51786;46128;89.1
1118;2443;3560;369;5271;51760;46102;89.1
1119;2442;3560;369;5271;51734;46076;89.1
1120;2441;3560;369;5271;51708;46050;89.1
1121;2440;3560;369;5271;51663;46005;89.0
1122;2439;3560;368;5234;51658;46000;89.0
1123;2438;3560;367;5216;51646;45988;89.0
1124;2437;3560;367;5216;51614;45956;89.0
1125;2436;3560;366;5191;51616;45958;89.0
1126;2435;3560;366;5191;51585;45927;89.0
1127;2434;3560;367;5213;51533;45875;89.0
1128;2433;3560;368;5235;51481;45823;89.0
1129;2432;3560;369;5257;51429;45771;89.0
1130;2431;3560;370;5279;51377;45719;89.0
1131;2430;3560;371;5301;51325;45667;89.0
1132;2429;3560;372;5318;51276;45618;89.0
1133;2428;3560;372;5318;51244;45586;89.0
1134;2427;3560;372;5318;51208;45550;89.0
1135;2426;3560;371;5308;51200;45542;88.9
1136;2425;3560;371;5308;51184;45526;88.9
1137;2424;3560;372;5315;51161;45503;88.9
1138;2423;3560;373;5325;51134;45475;88.9
1139;2422;3560;372;5313;51127;45468;88.9
1140;2421;3560;373;5325;51101;45440;88.9
1141;2420;3560;374;5335;51073;45412;88.9
1142;2419;3560;373;5322;51067;45406;88.9
1143;2418;3560;372;5309;51061;45400;88.9
1144;2417;3560;372;5309;51000;45339;88.9
1145;2416;3560;372;5309;50975;45314;88.9
1146;2415;3560;372;5309;50925;45264;88.9
1147;2414;3560;372;5309;50901;45240;88.9
1148;2413;3560;373;5321;50868;45207;88.9
1149;2412;3560;373;5321;50843;45182;88.9
1150;2411;3560;374;5333;50810;45149;88.9
1151;2410;3560;374;5333;50787;45126;88.9
1152;2409;3560;374;5333;50764;45103;88.8
1153;2408;3560;374;5333;50741;45083;88.8
1154;2407;3560;374;5333;50716;45058;88.8
1155;2406;3560;373;5314;50718;45060;88.8
1156;2405;3560;373;5314;50689;45031;88.8
1157;2404;3560;374;5335;50633;44975;88.8
1158;2403;3560;375;5363;50568;44910;88.8
1159;2402;3560;375;5363;50529;44871;88.8
1160;2401;3560;374;5343;50516;44858;88.8
1161;2400;3560;373;5324;50501;44844;88.8
1162;2399;3560;373;5324;50472;44815;88.8
1163;2398;3560;373;5324;50449;44792;88.8
1164;2397;3560;374;5333;50423;44766;88.8
1165;2396;3560;374;5333;50411;44754;88.8
1166;2395;3560;374;5332;50400;44743;88.8
1167;2394;3560;374;5332;50388;44731;88.8
1168;2393;3560;374;5332;50376;44719;88.8
1169;2392;3560;374;5332;50364;44707;88.8
1170;2391;3560;375;5340;50345;44688;88.8
1171;2390;3560;376;5350;50320;44663;88.8
1172;2389;3560;377;5353;50311;44654;88.8
1173;2388;3560;378;5363;50284;44627;88.7
1174;2387;3560;378;5363;50270;44613;88.7
1175;2386;3560;379;5375;50235;44578;88.7
1176;2385;3560;379;5375;50190;44533;88.7
1177;2384;3560;379;5375;50166;44509;88.7
1178;2383;3560;379;5375;50142;44485;88.7
1179;2382;3560;379;5375;50125;44468;88.7
1180;2381;3560;380;5381;50108;44451;88.7
1181;2380;3560;381;5392;50079;44422;88.7
1182;2379;3560;381;5392;50051;44394;88.7
1183;2378;3560;382;5401;50027;44370;88.7
1184;2377;3560;382;5401;50010;44353;88.7
1185;2376;3560;383;5416;49965;44308;88.7
1186;2375;3560;384;5427;49942;44285;88.7
1187;2374;3560;385;5433;49924;44267;88.7
1188;2373;3560;384;5426;49912;44255;88.7
1189;2372;3560;384;5426;49907;44250;88.7
1190;2371;3560;385;5433;49892;44234;88.7
1191;2370;3560;385;5433;49880;44222;88.7
1192;2369;3560;385;5433;49868;44210;88.7
1193;2368;3560;384;5419;49868;44210;88.7
1194;2367;3560;384;5419;49850;44192;88.6
1195;2366;3560;383;5408;49846;44188;88.6
1196;2365;3560;383;5408;49828;44170;88.6
1197;2364;3560;383;5408;49806;44148;88.6
1198;2363;3560;382;5380;49803;44145;88.6
1199;2362;3560;382;5380;49774;44116;88.6
1200;2361;3560;382;5380;49745;44087;88.6
1201;2360;3560;383;5397;49699;44041;88.6
1202;2359;3560;382;5373;49695;44037;88.6
1203;2358;3560;383;5395;49646;43988;88.6
1204;2357;3560;383;5395;49594;43936;88.6
1205;2356;3560;383;5395;49571;43913;88.6
1206;2355;3560;383;5395;49549;43891;88.6
1207;2354;3560;383;5395;49526;43868;88.6
1208;2353;3560;384;5412;49489;43830;88.6
1209;2352;3560;384;5412;49468;43809;88.6
1210;2351;3560;384;5412;49445;43787;88.6
1211;2350;3560;384;5412;49422;43765;88.6
1212;2349;3560;385;5423;49393;43736;88.5
1213;2348;3560;386;5434;49364;43708;88.5
1214;2347;3560;386;5434;49344;43688;88.5
1215;2346;3560;386;5434;49304;43648;88.5
1216;2345;3560;385;5409;49297;43641;88.5
1217;2344;3560;386;5418;49272;43616;88.5
1218;2343;3560;387;5426;49247;43591;88.5
1219;2342;3560;387;5426;49230;43574;88.5
1220;2341;3560;387;5426;49214;43558;88.5
1221;2340;3560;388;5437;49186;43530;88.5
1222;2339;3560;389;5446;49163;43506;88.5
1223;2338;3560;390;5455;49138;43481;88.5
1224;2337;3560;391;5465;49114;43456;88.5
1225;2336;3560;392;5474;49091;43433;88.5
1226;2335;3560;391;5465;49081;43423;88.5
1227;2334;3560;391;5465;49066;43408;88.5
1228;2333;3560;391;5465;49051;43393;88.5
1229;2332;3560;392;5474;49026;43368;88.5
1230;2331;3560;392;5474;49010;43352;88.5
1231;2330;3560;392;5474;48976;43318;88.4
1232;2329;3560;393;5483;48950;43292;88.4
1233;2328;3560;393;5483;48934;43277;88.4
1234;2327;3560;393;5483;48908;43252;88.4
1235;2326;3560;394;5497;48866;43210;88.4
1236;2325;3560;395;5519;48818;43162;88.4
1237;2324;3560;395;5519;48790;43134;88.4
1238;2323;3560;396;5542;48729;43073;88.4
1239;2322;3560;397;5563;48672;43014;88.4
1240;2321;3560;397;5563;48611;42953;88.4
1241;2320;3560;398;5569;48595;42937;88.4
1242;2319;3560;399;5575;48579;42921;88.4
1243;2318;3560;399;5575;48568;42910;88.4
1244;2317;3560;399;5575;48557;42899;88.3
1245;2316;3560;399;5575;48513;42855;88.3
1246;2315;3560;399;5575;48480;42822;88.3
1247;2314;3560;399;5575;48447;42789;88.3
1248;2313;3560;399;5575;48427;42769;88.3
1249;2312;3560;399;5575;48407;42749;88.3
1250;2311;3560;399;5575;48387;42729;88.3
1251;2310;3560;399;5575;48367;42709;88.3
1252;2309;3560;399;5574;48326;42669;88.3
1253;2308;3560;399;5574;48305;42648;88.3
1254;2307;3560;400;5581;48288;42631;88.3
1255;2306;3560;401;5602;48235;42578;88.3
1256;2305;3560;401;5602;48204;42547;88.3
1257;2304;3560;402;5613;48174;42516;88.3
1258;2303;3560;402;5613;48163;42505;88.3
1259;2302;3560;402;5613;48131;42473;88.2
1260;2301;3560;402;5613;48086;42428;88.2
1261;2300;3560;403;5641;48020;42362;88.2
1262;2299;3560;403;5641;47982;42324;88.2
1263;2298;3560;402;5620;47967;42309;88.2
1264;2297;3560;403;5634;47927;42269;88.2
1265;2296;3560;403;5634;47900;42242;88.2
1266;2295;3560;403;5634;47874;42216;88.2
1267;2294;3560;404;5648;47834;42176;88.2
1268;2293;3560;405;5673;47761;42101;88.1
1269;2292;3560;405;5673;47734;42077;88.1
1270;2291;3560;405;5673;47707;42051;88.1
1271;2290;3560;406;5685;47671;42014;88.1
1272;2289;3560;406;5685;47646;41989;88.1
1273;2288;3560;406;5685;47619;41962;88.1
1274;2287;3560;407;5707;47572;41915;88.1
1275;2286;3560;408;5729;47525;41868;88.1
1276;2285;3560;408;5729;47482;41829;88.1
1277;2284;3560;409;5738;47458;41805;88.1
1278;2283;3560;409;5738;47443;41790;88.1
1279;2282;3560;409;5738;47428;41776;88.1
1280;2281;3560;409;5738;47413;41762;88.1
1281;2280;3560;409;5738;47397;41746;88.1
1282;2279;3560;409;5738;47381;41731;88.1
1283;2278;3560;409;5738;47366;41716;88.1
1284;2277;3560;408;5729;47360;41710;88.1
1285;2276;3560;408;5729;47300;41652;88.1
1286;2275;3560;408;5729;47268;41620;88.1
1287;2274;3560;408;5729;47236;41588;88.0
1288;2273;3560;408;5729;47204;41556;88.0
1289;2272;3560;408;5729;47172;41524;88.0
1290;2271;3560;409;5749;47116;41468;88.0
1291;2270;3560;410;5771;47058;41410;88.0
1292;2269;3560;409;5749;47047;41399;88.0
1293;2268;3560;409;5749;47013;41365;88.0
1294;2267;3560;410;5767;46960;41311;88.0
1295;2266;3560;409;5746;46947;41298;88.0
1296;2265;3560;409;5746;46926;41277;88.0
1297;2264;3560;409;5746;46906;41257;88.0
1298;2263;3560;409;5746;46885;41236;88.0
1299;2262;3560;410;5755;46856;41207;87.9
1300;2261;3560;410;5755;46835;41186;87.9
1301;2260;3560;410;5755;46814;41165;87.9
1302;2259;3560;410;5755;46793;41144;87.9
1303;2258;3560;410;5755;46772;41123;87.9
1304;2257;3560;410;5755;46751;41103;87.9
1305;2256;3560;410;5755;46731;41083;87.9
1306;2255;3560;410;5755;46711;41063;87.9
1307;2254;3560;410;5755;46691;41043;87.9
1308;2253;3560;410;5755;46672;41024;87.9
1309;2252;3560;410;5755;46653;41005;87.9
1310;2251;3560;411;5804;46537;40889;87.9
1311;2250;3560;412;5829;46469;40821;87.8
1312;2249;3560;412;5829;46417;40769;87.8
1313;2248;3560;413;5846;46375;40727;87.8
1314;2247;3560;413;5846;46349;40701;87.8
1315;2246;3560;414;5860;46312;40664;87.8
1316;2245;3560;414;5860;46286;40638;87.8
1317;2244;3560;413;5839;46284;40636;87.8
1318;2243;3560;414;5852;46246;40598;87.8
1319;2242;3560;414;5852;46220;40572;87.8
1320;2241;3560;413;5832;46218;40570;87.8
1321;2240;3560;413;5832;46192;40544;87.8
1322;2239;3560;413;5832;46166;40518;87.8
1323;2238;3560;412;5813;46159;40513;87.8
1324;2237;3560;411;5791;46150;40504;87.8
1325;2236;3560;411;5791;46114;40468;87.8
1326;2235;3560;411;5791;46083;40444;87.8
1327;2234;3560;412;5808;46032;40392;87.7
1328;2233;3560;412;5808;45971;40331;87.7
1329;2232;3560;412;5808;45966;40326;87.7
1330;2231;3560;412;5808;45961;40321;87.7
1331;2230;3560;411;5804;45962;40322;87.7
1332;2229;3560;411;5804;45948;40308;87.7
1333;2228;3560;411;5804;45925;40285;87.7
1334;2227;3560;412;5816;45888;40248;87.7
1335;2226;3560;412;5816;45868;40228;87.7
1336;2225;3560;412;5816;45854;40214;87.7
1337;2224;3560;412;5816;45829;40189;87.7
1338;2223;3560;413;5822;45808;40168;87.7
1339;2222;3560;414;5828;45787;40147;87.7
1340;2221;3560;414;5828;45752;40112;87.7
1341;2220;3560;414;5828;45703;40063;87.7
1342;2219;3560;414;5828;45654;40014;87.6
1343;2218;3560;414;5828;45630;39990;87.6
1344;2217;3560;414;5828;45605;39966;87.6
1345;2216;3560;414;5828;45592;39954;87.6
1346;2215;3560;413;5810;45583;39946;87.6
1347;2214;3560;413;5810;45564;39927;87.6
1348;2213;3560;413;5810;45545;39908;87.6
1349;2212;3560;413;5810;45526;39890;87.6
1350;2211;3560;414;5818;45505;39869;87.6
1351;2210;3560;415;5831;45467;39831;87.6
1352;2209;3560;416;5843;45436;39800;87.6
1353;2208;3560;416;5843;45414;39778;87.6
1354;2207;3560;417;5852;45397;39759;87.6
1355;2206;3560;417;5852;45387;39749;87.6
1356;2205;3560;417;5852;45377;39739;87.6
1357;2204;3560;417;5852;45367;39729;87.6
1358;2203;3560;417;5852;45357;39719;87.6
1359;2202;3560;417;5852;45347;39709;87.6
1360;2201;3560;417;5852;45337;39699;87.6
1361;2200;3560;417;5852;45327;39691;87.6
1362;2199;3560;416;5824;45329;39693;87.6
1363;2198;3560;417;5833;45305;39669;87.6
1364;2197;3560;418;5838;45290;39654;87.6
1365;2196;3560;419;5853;45256;39620;87.5
1366;2195;3560;419;5853;45236;39600;87.5
1367;2194;3560;419;5853;45216;39580;87.5
1368;2193;3560;420;5860;45194;39558;87.5
1369;2192;3560;420;5860;45176;39541;87.5
1370;2191;3560;420;5860;45158;39525;87.5
1371;2190;3560;420;5860;45147;39514;87.5
1372;2189;3560;421;5870;45119;39485;87.5
1373;2188;3560;422;5885;45087;39453;87.5
1374;2187;3560;422;5885;45067;39433;87.5
1375;2186;3560;422;5885;45047;39413;87.5
1376;2185;3560;422;5885;45027;39393;87.5
1377;2184;3560;422;5885;45012;39378;87.5
1378;2183;3560;422;5885;44997;39363;87.5
1379;2182;3560;423;5890;44982;39348;87.5
1380;2181;3560;424;5904;44944;39310;87.5
1381;2180;3560;424;5904;44899;39265;87.5
1382;2179;3560;424;5904;44854;39220;87.4
1383;2178;3560;424;5904;44805;39171;87.4
1384;2177;3560;423;5864;44871;39237;87.4
1385;2176;3560;423;5864;44834;39200;87.4
1386;2175;3560;422;5842;44836;39202;87.4
1387;2174;3560;422;5842;44802;39168;87.4
1388;2173;3560;422;5842;44768;39134;87.4
1389;2172;3560;422;5842;44734;39100;87.4
1390;2171;3560;421;5814;44732;39098;87.4
1391;2170;3560;421;5814;44708;39074;87.4
1392;2169;3560;421;5814;44684;39050;87.4
1393;2168;3560;421;5814;44660;39026;87.4
1394;2167;3560;421;5814;44636;39002;87.4
1395;2166;3560;422;5826;44603;38969;87.4
1396;2165;3560;423;5837;44574;38940;87.4
1397;2164;3560;423;5837;44522;38890;87.4
1398;2163;3560;424;5852;44480;38848;87.3
1399;2162;3560;423;5835;44476;38844;87.3
1400;2161;3560;422;5818;44466;38834;87.3
1401;2160;3560;421;5801;44456;38824;87.3
1402;2159;3560;420;5784;44446;38814;87.3
1403;2158;3560;420;5784;44418;38786;87.3
1404;2157;3560;420;5784;44390;38758;87.3
1405;2156;3560;420;5784;44362;38730;87.3
1406;2155;3560;420;5784;44348;38716;87.3
1407;2154;3560;421;5790;44302;38668;87.3
1408;2153;3560;421;5790;44277;38644;87.3
1409;2152;3560;422;5812;44228;38595;87.3
1410;2151;3560;423;5820;44206;38573;87.3
1411;2150;3560;423;5820;44182;38549;87.3
1412;2149;3560;423;5820;44154;38527;87.3
1413;2148;3560;424;5830;44131;38503;87.2
1414;2147;3560;424;5830;44117;38489;87.2
1415;2146;3560;424;5830;44082;38454;87.2
1416;2145;3560;425;5844;44046;38418;87.2
1417;2144;3560;425;5844;44001;38373;87.2
1418;2143;3560;425;5844;43979;38351;87.2
1419;2142;3560;425;5844;43957;38329;87.2
1420;2141;3560;425;5844;43935;38307;87.2
1421;2140;3560;426;5855;43904;38276;87.2
1422;2139;3560;427;5869;43868;38240;87.2
1423;2138;3560;427;5869;43845;38217;87.2
1424;2137;3560;426;5855;43837;38209;87.2
1425;2136;3560;426;5855;43814;38186;87.2
1426;2135;3560;427;5869;43778;38150;87.1
1427;2134;3560;427;5869;43755;38127;87.1
1428;2133;3560;427;5869;43732;38110;87.1
1429;2132;3560;427;5869;43701;38079;87.1
1430;2131;3560;427;5869;43670;38048;87.1
1431;2130;3560;427;5869;43638;38016;87.1
1432;2129;3560;427;5867;43609;37985;87.1
1433;2128;3560;428;5881;43576;37946;87.1
1434;2127;3560;428;5881;43544;37916;87.1
1435;2126;3560;429;5895;43511;37883;87.1
1436;2125;3560;429;5895;43479;37855;87.1
1437;2124;3560;429;5895;43447;37823;87.1
1438;2123;3560;429;5895;43403;37779;87.0
1439;2122;3560;430;5900;43394;37766;87.0
1440;2121;3560;430;5900;43385;37757;87.0
1441;2120;3560;430;5900;43376;37748;87.0
1442;2119;3560;430;5900;43367;37739;87.0
1443;2118;3560;430;5900;43358;37730;87.0
1444;2117;3560;430;5900;43349;37721;87.0
1445;2116;3560;430;5900;43340;37712;87.0
1446;2115;3560;430;5900;43331;37703;87.0
1447;2114;3560;430;5900;43322;37694;87.0
1448;2113;3560;430;5900;43313;37685;87.0
1449;2112;3560;430;5900;43304;37676;87.0
1450;2111;3560;430;5900;43295;37672;87.0
1451;2110;3560;430;5899;43266;37643;87.0
1452;2109;3560;430;5899;43230;37607;87.0
1453;2108;3560;430;5899;43194;37571;87.0
1454;2107;3560;430;5899;43158;37535;87.0
1455;2106;3560;431;5914;43118;37495;87.0
1456;2105;3560;430;5892;43112;37489;87.0
1457;2104;3560;430;5892;43103;37480;87.0
1458;2103;3560;430;5892;43085;37462;86.9
1459;2102;3560;430;5892;43040;37417;86.9
1460;2101;3560;430;5892;43005;37382;86.9
1461;2100;3560;430;5892;42988;37367;86.9
1462;2099;3560;430;5892;42971;37352;86.9
1463;2098;3560;431;5901;42955;37335;86.9
1464;2097;3560;431;5901;42929;37309;86.9
1465;2096;3560;431;5901;42912;37292;86.9
1466;2095;3560;431;5901;42895;37276;86.9
1467;2094;3560;432;5906;42881;37262;86.9
1468;2093;3560;432;5906;42872;37253;86.9
1469;2092;3560;432;5906;42845;37226;86.9
1470;2091;3560;432;5906;42827;37208;86.9
1471;2090;3560;432;5906;42818;37199;86.9
1472;2089;3560;432;5906;42778;37159;86.9
1473;2088;3560;433;5927;42719;37100;86.8
1474;2087;3560;433;5927;42675;37057;86.8
1475;2086;3560;434;5940;42640;37022;86.8
1476;2085;3560;434;5940;42618;37000;86.8
1477;2084;3560;435;5952;42587;36968;86.8
1478;2083;3560;435;5952;42566;36947;86.8
1479;2082;3560;435;5952;42545;36926;86.8
1480;2081;3560;435;5952;42524;36905;86.8
1481;2080;3560;435;5952;42502;36883;86.8
1482;2079;3560;434;5941;42489;36870;86.8
1483;2078;3560;434;5941;42454;36836;86.8
1484;2077;3560;434;5941;42393;36781;86.8
1485;2076;3560;434;5941;42367;36755;86.8
1486;2075;3560;435;5956;42327;36715;86.7
1487;2074;3560;434;5948;42324;36712;86.7
1488;2073;3560;434;5948;42311;36699;86.7
1489;2072;3560;434;5948;42298;36686;86.7
1490;2071;3560;435;5954;42280;36667;86.7
1491;2070;3560;436;5961;42261;36648;86.7
1492;2069;3560;436;5961;42249;36636;86.7
1493;2068;3560;436;5961;42237;36624;86.7
1494;2067;3560;436;5961;42225;36612;86.7
1495;2066;3560;437;5983;42178;36565;86.7
1496;2065;3560;436;5961;42175;36562;86.7
1497;2064;3560;436;5961;42163;36551;86.7
1498;2063;3560;437;5968;42144;36532;86.7
1499;2062;3560;437;5968;42123;36511;86.7
1500;2061;3560;436;5946;42118;36506;86.7
1501;2060;3560;435;5924;42113;36501;86.7
1502;2059;3560;436;5930;42095;36482;86.7
1503;2058;3560;437;5945;42054;36440;86.7
1504;2057;3560;438;5960;42013;36399;86.6
1505;2056;3560;438;5960;41984;36370;86.6
1506;2055;3560;439;5982;41934;36320;86.6
1507;2054;3560;440;6004;41884;36270;86.6
1508;2053;3560;441;6014;41857;36243;86.6
1509;2052;3560;441;6014;41840;36226;86.6
1510;2051;3560;441;6014;41823;36209;86.6
1511;2050;3560;441;6012;41808;36195;86.6
1512;2049;3560;441;6012;41791;36178;86.6
1513;2048;3560;441;6012;41777;36166;86.6
1514;2047;3560;441;6012;41743;36142;86.6
1515;2046;3560;441;6012;41724;36123;86.6
1516;2045;3560;441;6012;41705;36104;86.6
1517;2044;3560;441;6012;41684;36083;86.6
1518;2043;3560;442;6025;41651;36050;86.6
1519;2042;3560;442;6024;41632;36032;86.5
1520;2041;3560;443;6035;41603;36004;86.5
1521;2040;3560;444;6057;41541;35941;86.5
1522;2039;3560;444;6057;41518;35918;86.5
1523;2038;3560;443;6042;41506;35906;86.5
1524;2037;3560;443;6042;41481;35881;86.5
1525;2036;3560;443;6042;41437;35837;86.5
1526;2035;3560;444;6053;41405;35803;86.5
1527;2034;3560;444;6053;41380;35778;86.5
1528;2033;3560;444;6053;41355;35753;86.5
1529;2032;3560;444;6053;41330;35730;86.5
1530;2031;3560;445;6065;41299;35697;86.4
1531;2030;3560;445;6065;41274;35672;86.4
1532;2029;3560;445;6065;41249;35651;86.4
1533;2028;3560;445;6065;41220;35622;86.4
1534;2027;3560;446;6085;41171;35572;86.4
1535;2026;3560;446;6085;41142;35543;86.4
1536;2025;3560;446;6085;41104;35505;86.4
1537;2024;3560;446;6085;41059;35460;86.4
1538;2023;3560;446;6085;41015;35416;86.3
1539;2022;3560;445;6063;41007;35408;86.3
1540;2021;3560;444;6041;40999;35401;86.3
1541;2020;3560;444;6041;40963;35367;86.3
1542;2019;3560;445;6044;40957;35361;86.3
1543;2018;3560;446;6047;40951;35355;86.3
1544;2017;3560;447;6050;40945;35349;86.3
1545;2016;3560;448;6053;40939;35343;86.3
1546;2015;3560;449;6064;40909;35313;86.3
1547;2014;3560;449;6064;40881;35285;86.3
1548;2013;3560;450;6073;40856;35260;86.3
1549;2012;3560;451;6085;40824;35228;86.3
1550;2011;3560;451;6085;40804;35208;86.3
1551;2010;3560;452;6088;40798;35201;86.3
1552;2009;3560;451;6080;40799;35202;86.3
1553;2008;3560;451;6080;40787;35190;86.3
1554;2007;3560;452;6087;40768;35171;86.3
1555;2006;3560;453;6089;40762;35165;86.3
1556;2005;3560;454;6093;40750;35153;86.3
1557;2004;3560;454;6093;40709;35115;86.3
1558;2003;3560;454;6093;40698;35104;86.3
1559;2002;3560;454;6093;40678;35086;86.3
1560;2001;3560;454;6093;40654;35065;86.3
1561;2000;3560;454;6093;40635;35046;86.2
1562;1999;3560;454;6093;40616;35027;86.2
1563;1998;3560;454;6093;40604;35015;86.2
1564;1997;3560;455;6101;40589;34995;86.2
1565;1996;3560;455;6101;40577;34983;86.2
1566;1995;3560;455;6101;40551;34957;86.2
1567;1994;3560;455;6101;40539;34945;86.2
1568;1993;3560;456;6107;40521;34927;86.2
1569;1992;3560;457;6113;40503;34909;86.2
1570;1991;3560;458;6119;40485;34891;86.2
1571;1990;3560;458;6119;40466;34872;86.2
1572;1989;3560;458;6119;40458;34864;86.2
1573;1988;3560;458;6119;40446;34854;86.2
1574;1987;3560;457;6108;40439;34847;86.2
1575;1986;3560;456;6097;40431;34839;86.2
1576;1985;3560;455;6086;40423;34831;86.2
1577;1984;3560;455;6086;40387;34796;86.2
1578;1983;3560;454;6064;40385;34794;86.2
1579;1982;3560;455;6071;40370;34779;86.2
1580;1981;3560;456;6091;40315;34724;86.1
1581;1980;3560;457;6111;40260;34669;86.1
1582;1979;3560;458;6129;40217;34626;86.1
1583;1978;3560;458;6129;40196;34605;86.1
1584;1977;3560;459;6141;40167;34573;86.1
1585;1976;3560;460;6159;40128;34534;86.1
1586;1975;3560;460;6159;40105;34511;86.1
1587;1974;3560;461;6177;40066;34472;86.0
1588;1973;3560;461;6177;40043;34449;86.0
1589;1972;3560;462;6195;40004;34410;86.0
1590;1971;3560;461;6173;39988;34394;86.0
1591;1970;3560;460;6162;39980;34386;86.0
1592;1969;3560;461;6175;39948;34354;86.0
1593;1968;3560;461;6175;39912;34318;86.0
1594;1967;3560;461;6175;39874;34282;86.0
1595;1966;3560;461;6174;39837;34246;86.0
1596;1965;3560;461;6174;39799;34208;86.0
1597;1964;3560;460;6153;39818;34227;86.0
1598;1963;3560;460;6153;39744;34156;85.9
1599;1962;3560;460;6153;39699;34111;85.9
1600;1961;3560;460;6152;39686;34098;85.9
1601;1960;3560;460;6152;39672;34084;85.9
1602;1959;3560;460;6151;39660;34071;85.9
1603;1958;3560;460;6149;39647;34059;85.9
1604;1957;3560;461;6154;39631;34043;85.9
1605;1956;3560;461;6154;39616;34028;85.9
1606;1955;3560;461;6154;39601;34013;85.9
1607;1954;3560;462;6162;39581;33992;85.9
1608;1953;3560;462;6162;39566;33977;85.9
1609;1952;3560;463;6173;39548;33953;85.9
1610;1951;3560;463;6173;39533;33938;85.8
1611;1950;3560;463;6173;39518;33923;85.8
1612;1949;3560;464;6183;39496;33901;85.8
1613;1948;3560;464;6183;39481;33887;85.8
1614;1947;3560;464;6183;39466;33872;85.8
1615;1946;3560;464;6183;39451;33860;85.8
1616;1945;3560;464;6183;39436;33846;85.8
1617;1944;3560;465;6189;39416;33826;85.8
1618;1943;3560;465;6189;39401;33811;85.8
1619;1942;3560;465;6189;39386;33796;85.8
1620;1941;3560;466;6199;39362;33771;85.8
1621;1940;3560;466;6199;39338;33751;85.8
1622;1939;3560;466;6197;39315;33733;85.8
1623;1938;3560;466;6197;39289;33707;85.8
1624;1937;3560;465;6176;39289;33707;85.8
1625;1936;3560;465;6176;39263;33681;85.8
1626;1935;3560;465;6176;39237;33655;85.8
1627;1934;3560;465;6176;39211;33629;85.8
1628;1933;3560;465;6176;39185;33603;85.8
1629;1932;3560;465;6176;39159;33577;85.7
1630;1931;3560;465;6176;39122;33542;85.7
1631;1930;3560;466;6196;39073;33493;85.7
1632;1929;3560;466;6196;39052;33472;85.7
1633;1928;3560;467;6202;39036;33456;85.7
1634;1927;3560;468;6208;39020;33439;85.7
1635;1926;3560;469;6215;39003;33422;85.7
1636;1925;3560;469;6215;38994;33413;85.7
1637;1924;3560;469;6215;38984;33403;85.7
1638;1923;3560;469;6215;38974;33393;85.7
1639;1922;3560;469;6215;38964;33383;85.7
1640;1921;3560;469;6215;38932;33351;85.7
1641;1920;3560;468;6189;38930;33349;85.7
1642;1919;3560;467;6171;38928;33347;85.7
1643;1918;3560;466;6153;38923;33342;85.7
1644;1917;3560;467;6168;38880;33299;85.6
1645;1916;3560;467;6168;38854;33273;85.6
1646;1915;3560;466;6151;38844;33264;85.6
1647;1914;3560;465;6142;38837;33258;85.6
1648;1913;3560;465;6142;38820;33241;85.6
1649;1912;3560;465;6142;38803;33224;85.6
1650;1911;3560;465;6141;38768;33189;85.6
1651;1910;3560;465;6141;38743;33164;85.6
1652;1909;3560;465;6141;38720;33141;85.6
1653;1908;3560;465;6141;38688;33118;85.6
1654;1907;3560;465;6141;38649;33082;85.6
1655;1906;3560;466;6145;38640;33073;85.6
1656;1905;3560;466;6145;38635;33068;85.6
1657;1904;3560;466;6145;38614;33047;85.6
1658;1903;3560;466;6145;38586;33019;85.6
1659;1902;3560;467;6153;38561;32996;85.6
1660;1901;3560;466;6131;38566;33001;85.6
1661;1900;3560;465;6109;38566;33001;85.6
1662;1899;3560;465;6109;38552;32988;85.6
1663;1898;3560;466;6114;38540;32976;85.6
1664;1897;3560;467;6125;38511;32947;85.6
1665;1896;3560;466;6114;38501;32937;85.5
1666;1895;3560;466;6114;38478;32914;85.5
1667;1894;3560;467;6121;38458;32893;85.5
1668;1893;3560;468;6127;38439;32873;85.5
1669;1892;3560;468;6127;38425;32859;85.5
1670;1891;3560;469;6133;38406;32840;85.5
1671;1890;3560;469;6133;38392;32826;85.5
1672;1889;3560;469;6133;38378;32812;85.5
1673;1888;3560;469;6133;38371;32805;85.5
1674;1887;3560;469;6133;38364;32798;85.5
1675;1886;3560;469;6133;38357;32791;85.5
1676;1885;3560;469;6133;38350;32784;85.5
1677;1884;3560;469;6133;38343;32777;85.5
1678;1883;3560;469;6133;38336;32770;85.5
1679;1882;3560;469;6133;38329;32763;85.5
1680;1881;3560;469;6133;38322;32756;85.5
1681;1880;3560;469;6133;38315;32749;85.5
1682;1879;3560;469;6133;38308;32742;85.5
1683;1878;3560;469;6133;38301;32735;85.5
1684;1877;3560;469;6133;38294;32728;85.5
1685;1876;3560;469;6133;38287;32721;85.5
1686;1875;3560;469;6133;38273;32707;85.5
1687;1874;3560;469;6133;38266;32700;85.5
1688;1873;3560;469;6133;38259;32693;85.5
1689;1872;3560;469;6133;38252;32686;85.4
1690;1871;3560;469;6133;38245;32679;85.4
1691;1870;3560;469;6133;38238;32672;85.4
1692;1869;3560;469;6133;38231;32665;85.4
1693;1868;3560;469;6133;38224;32658;85.4
1694;1867;3560;469;6133;38217;32651;85.4
1695;1866;3560;469;6133;38172;32606;85.4
1696;1865;3560;469;6133;38127;32563;85.4
1697;1864;3560;469;6132;38104;32540;85.4
1698;1863;3560;469;6132;38082;32518;85.4
1699;1862;3560;470;6151;38012;32444;85.4
1700;1861;3560;469;6130;38003;32435;85.3
1701;1860;3560;470;6138;37978;32410;85.3
1702;1859;3560;471;6146;37953;32385;85.3
1703;1858;3560;471;6145;37938;32371;85.3
1704;1857;3560;470;6117;37940;32373;85.3
1705;1856;3560;469;6110;37928;32361;85.3
1706;1855;3560;469;6110;37911;32345;85.3
1707;1854;3560;468;6085;37891;32324;85.3
1708;1853;3560;468;6085;37866;32299;85.3
1709;1852;3560;467;6063;37864;32297;85.3
1710;1851;3560;467;6063;37835;32270;85.3
1711;1850;3560;467;6063;37815;32250;85.3
1712;1849;3560;468;6094;37734;32169;85.3
1713;1848;3560;468;6094;37684;32119;85.2
1714;1847;3560;468;6093;37675;32111;85.2
1715;1846;3560;468;6093;37665;32101;85.2
1716;1845;3560;468;6093;37655;32091;85.2
1717;1844;3560;469;6100;37639;32075;85.2
1718;1843;3560;469;6100;37620;32056;85.2
1719;1842;3560;470;6122;37569;32005;85.2
1720;1841;3560;470;6122;37549;31985;85.2
1721;1840;3560;471;6138;37516;31951;85.2
1722;1839;3560;471;6138;37496;31931;85.2
1723;1838;3560;471;6138;37476;31911;85.2
1724;1837;3560;472;6161;37421;31856;85.1
1725;1836;3560;472;6161;37389;31826;85.1
1726;1835;3560;472;6161;37366;31803;85.1
1727;1834;3560;472;6161;37344;31783;85.1
1728;1833;3560;472;6161;37322;31761;85.1
1729;1832;3560;472;6161;37300;31739;85.1
1730;1831;3560;472;6161;37287;31726;85.1
1731;1830;3560;472;6159;37278;31716;85.1
1732;1829;3560;472;6159;37252;31697;85.1
1733;1828;3560;473;6167;37232;31677;85.1
1734;1827;3560;473;6167;37206;31651;85.1
1735;1826;3560;474;6175;37188;31633;85.1
1736;1825;3560;473;6153;37185;31630;85.1
1737;1824;3560;473;6153;37159;31604;85.1
1738;1823;3560;473;6153;37134;31579;85.0
1739;1822;3560;473;6153;37108;31553;85.0
1740;1821;3560;473;6153;37082;31531;85.0
1741;1820;3560;474;6163;37060;31508;85.0
1742;1819;3560;475;6179;37018;31468;85.0
1743;1818;3560;474;6164;36997;31444;85.0
1744;1817;3560;473;6150;36975;31420;85.0
1745;1816;3560;473;6147;36952;31400;85.0
1746;1815;3560;473;6147;36926;31374;85.0
1747;1814;3560;473;6147;36911;31359;85.0
1748;1813;3560;474;6155;36887;31335;84.9
1749;1812;3560;475;6186;36808;31256;84.9
1750;1811;3560;475;6186;36794;31242;84.9
1751;1810;3560;475;6186;36778;31226;84.9
1752;1809;3560;474;6176;36784;31233;84.9
1753;1808;3560;474;6176;36765;31216;84.9
1754;1807;3560;474;6176;36746;31197;84.9
1755;1806;3560;474;6176;36728;31179;84.9
1756;1805;3560;474;6176;36709;31161;84.9
1757;1804;3560;475;6192;36677;31129;84.9
1758;1803;3560;474;6176;36673;31125;84.9
1759;1802;3560;474;6176;36629;31088;84.9
1760;1801;3560;474;6175;36610;31069;84.9
1761;1800;3560;474;6175;36591;31050;84.9
1762;1799;3560;475;6206;36513;30972;84.8
1763;1798;3560;476;6237;36435;30894;84.8
1764;1797;3560;477;6254;36396;30855;84.8
1765;1796;3560;478;6271;36357;30816;84.8
1766;1795;3560;478;6271;36332;30791;84.7
1767;1794;3560;479;6283;36298;30755;84.7
1768;1793;3560;479;6283;36273;30730;84.7
1769;1792;3560;478;6248;36293;30750;84.7
1770;1791;3560;478;6248;36248;30705;84.7
1771;1790;3560;478;6248;36202;30659;84.7
1772;1789;3560;477;6217;36188;30645;84.7
1773;1788;3560;477;6217;36112;30589;84.7
1774;1787;3560;477;6217;36103;30580;84.7
1775;1786;3560;477;6217;36070;30547;84.7
1776;1785;3560;477;6217;36037;30515;84.7
1777;1784;3560;477;6217;36004;30482;84.7
1778;1783;3560;477;6217;35971;30449;84.6
1779;1782;3560;477;6217;35968;30446;84.6
1780;1781;3560;478;6225;35950;30428;84.6
1781;1780;3560;477;6222;35950;30428;84.6
1782;1779;3560;476;6219;35950;30428;84.6
1783;1778;3560;475;6216;35950;30428;84.6
1784;1777;3560;474;6213;35950;30428;84.6
1785;1776;3560;474;6213;35894;30372;84.6
1786;1775;3560;473;6211;35892;30370;84.6
1787;1774;3560;472;6209;35890;30368;84.6
1788;1773;3560;472;6209;35875;30353;84.6
1789;1772;3560;472;6209;35861;30339;84.6
1790;1771;3560;472;6209;35846;30324;84.6
1791;1770;3560;472;6209;35827;30305;84.6
1792;1769;3560;473;6214;35813;30291;84.6
1793;1768;3560;474;6245;35734;30212;84.5
1794;1767;3560;474;6245;35722;30200;84.5
1795;1766;3560;475;6256;35693;30171;84.5
1796;1765;3560;475;6256;35678;30156;84.5
1797;1764;3560;475;6256;35660;30138;84.5
1798;1763;3560;475;6256;35642;30120;84.5
1799;1762;3560;474;6246;35637;30116;84.5
1800;1761;3560;474;6246;35621;30102;84.5
1801;1760;3560;475;6253;35604;30084;84.5
1802;1759;3560;475;6252;35591;30072;84.5
1803;1758;3560;475;6252;35570;30052;84.5
1804;1757;3560;474;6223;35575;30057;84.5
1805;1756;3560;475;6233;35546;30029;84.5
1806;1755;3560;476;6235;35543;30026;84.5
1807;1754;3560;477;6239;35534;30016;84.5
1808;1753;3560;478;6244;35522;30004;84.5
1809;1752;3560;478;6244;35510;29992;84.5
1810;1751;3560;478;6244;35498;29984;84.5
1811;1750;3560;478;6244;35483;29976;84.5
1812;1749;3560;479;6254;35468;29955;84.5
1813;1748;3560;479;6254;35456;29949;84.5
1814;1747;3560;480;6256;35453;29944;84.5
1815;1746;3560;481;6276;35406;29897;84.4
1816;1745;3560;482;6296;35359;29850;84.4
1817;1744;3560;482;6296;35345;29836;84.4
1818;1743;3560;482;6296;35333;29825;84.4
1819;1742;3560;481;6270;35331;29823;84.4
1820;1741;3560;480;6244;35335;29827;84.4
1821;1740;3560;481;6251;35314;29806;84.4
1822;1739;3560;480;6246;35311;29803;84.4
1823;1738;3560;480;6246;35289;29781;84.4
1824;1737;3560;480;6246;35278;29772;84.4
1825;1736;3560;479;6211;35301;29795;84.4
1826;1735;3560;480;6242;35223;29717;84.4
1827;1734;3560;480;6242;35176;29670;84.3
1828;1733;3560;480;6242;35143;29637;84.3
1829;1732;3560;479;6218;35158;29652;84.3
1830;1731;3560;479;6218;35129;29623;84.3
1831;1730;3560;480;6237;35083;29576;84.3
1832;1729;3560;479;6215;35083;29576;84.3
1833;1728;3560;478;6193;35077;29570;84.3
1834;1727;3560;478;6193;35051;29544;84.3
1835;1726;3560;478;6193;35025;29518;84.3
1836;1725;3560;477;6171;35024;29517;84.3
1837;1724;3560;477;6171;34998;29491;84.3
1838;1723;3560;477;6171;34951;29444;84.2
1839;1722;3560;477;6171;34905;29398;84.2
1840;1721;3560;476;6140;34892;29385;84.2
1841;1720;3560;475;6109;34879;29372;84.2
1842;1719;3560;475;6109;34865;29359;84.2
1843;1718;3560;476;6121;34835;29328;84.2
1844;1717;3560;476;6121;34815;29312;84.2
1845;1716;3560;477;6131;34789;29289;84.2
1846;1715;3560;477;6131;34755;29255;84.2
1847;1714;3560;478;6138;34737;29235;84.2
1848;1713;3560;477;6129;34734;29232;84.2
1849;1712;3560;478;6138;34709;29207;84.1
1850;1711;3560;478;6138;34692;29190;84.1
1851;1710;3560;478;6138;34675;29173;84.1
1852;1709;3560;478;6138;34658;29156;84.1
1853;1708;3560;478;6138;34641;29139;84.1
1854;1707;3560;478;6138;34624;29123;84.1
1855;1706;3560;479;6154;34592;29091;84.1
1856;1705;3560;478;6123;34578;29077;84.1
1857;1704;3560;478;6123;34525;29024;84.1
1858;1703;3560;478;6123;34463;28962;84.0
1859;1702;3560;478;6123;34436;28935;84.0
1860;1701;3560;478;6123;34408;28907;84.0
1861;1700;3560;479;6130;34387;28886;84.0
1862;1699;3560;478;6120;34388;28886;84.0
1863;1698;3560;479;6136;34349;28848;84.0
1864;1697;3560;480;6143;34329;28828;84.0
1865;1696;3560;481;6150;34309;28808;84.0
1866;1695;3560;482;6157;34289;28789;84.0
1867;1694;3560;483;6163;34270;28770;84.0
1868;1693;3560;483;6163;34245;28745;83.9
1869;1692;3560;483;6163;34220;28720;83.9
1870;1691;3560;484;6181;34179;28679;83.9
1871;1690;3560;483;6145;34167;28667;83.9
1872;1689;3560;482;6114;34162;28662;83.9
1873;1688;3560;481;6094;34151;28651;83.9
1874;1687;3560;480;6073;34144;28645;83.9
1875;1686;3560;479;6053;34133;28634;83.9
1876;1685;3560;479;6053;34100;28603;83.9
1877;1684;3560;480;6060;34085;28586;83.9
1878;1683;3560;481;6067;34069;28570;83.9
1879;1682;3560;482;6074;34052;28553;83.9
1880;1681;3560;482;6074;34036;28537;83.8
1881;1680;3560;483;6080;34020;28521;83.8
1882;1679;3560;482;6068;34019;28520;83.8
1883;1678;3560;483;6078;33989;28490;83.8
1884;1677;3560;484;6086;33971;28471;83.8
1885;1676;3560;485;6094;33946;28448;83.8
1886;1675;3560;485;6094;33922;28424;83.8
1887;1674;3560;485;6094;33892;28394;83.8
1888;1673;3560;484;6080;33890;28392;83.8
1889;1672;3560;484;6080;33871;28373;83.8
1890;1671;3560;485;6088;33849;28350;83.8
1891;1670;3560;484;6080;33836;28337;83.7
1892;1669;3560;484;6080;33817;28322;83.8
1893;1668;3560;484;6080;33798;28305;83.7
1894;1667;3560;485;6092;33768;28275;83.7
1895;1666;3560;484;6076;33758;28266;83.7
1896;1665;3560;484;6076;33725;28233;83.7
1897;1664;3560;484;6076;33671;28179;83.7
1898;1663;3560;484;6076;33655;28163;83.7
1899;1662;3560;485;6080;33643;28152;83.7
1900;1661;3560;486;6085;33630;28139;83.7
1901;1660;3560;487;6096;33600;28110;83.7
1902;1659;3560;488;6102;33589;28097;83.6
1903;1658;3560;488;6102;33581;28091;83.7
1904;1657;3560;488;6102;33541;28056;83.6
1905;1656;3560;488;6102;33509;28024;83.6
1906;1655;3560;488;6102;33477;27992;83.6
1907;1654;3560;488;6102;33445;27960;83.6
1908;1653;3560;489;6106;33433;27948;83.6
1909;1652;3560;489;6106;33416;27931;83.6
1910;1651;3560;488;6082;33427;27942;83.6
1911;1650;3560;488;6082;33381;27896;83.6
1912;1649;3560;488;6082;33335;27850;83.5
1913;1648;3560;488;6082;33294;27809;83.5
1914;1647;3560;488;6082;33272;27787;83.5
1915;1646;3560;488;6082;33260;27775;83.5
1916;1645;3560;488;6082;33247;27762;83.5
1917;1644;3560;488;6082;33234;27749;83.5
1918;1643;3560;487;6071;33232;27748;83.5
1919;1642;3560;486;6062;33235;27751;83.5
1920;1641;3560;485;6053;33236;27752;83.5
1921;1640;3560;486;6069;33199;27717;83.5
1922;1639;3560;486;6069;33186;27704;83.5
1923;1638;3560;486;6069;33173;27691;83.5
1924;1637;3560;485;6061;33171;27689;83.5
1925;1636;3560;484;6039;33174;27692;83.5
1926;1635;3560;484;6039;33167;27687;83.5
1927;1634;3560;483;6032;33162;27682;83.5
1928;1633;3560;482;6025;33156;27676;83.5
1929;1632;3560;481;6018;33150;27670;83.5
1930;1631;3560;482;6028;33128;27648;83.5
1931;1630;3560;481;6016;33122;27643;83.5
1932;1629;3560;481;6016;33108;27630;83.5
1933;1628;3560;481;6016;33085;27607;83.4
1934;1627;3560;481;6013;33068;27593;83.4
1935;1626;3560;480;5986;33071;27596;83.4
1936;1625;3560;480;5986;33049;27574;83.4
1937;1624;3560;479;5968;33051;27576;83.4
1938;1623;3560;479;5967;33043;27568;83.4
1939;1622;3560;479;5967;33020;27545;83.4
1940;1621;3560;479;5967;33011;27536;83.4
1941;1620;3560;479;5967;32986;27511;83.4
1942;1619;3560;479;5967;32968;27493;83.4
1943;1618;3560;479;5967;32950;27476;83.4
1944;1617;3560;479;5967;32940;27466;83.4
1945;1616;3560;479;5967;32931;27458;83.4
1946;1615;3560;480;5973;32916;27443;83.4
1947;1614;3560;480;5973;32891;27419;83.4
1948;1613;3560;481;5979;32878;27406;83.4
1949;1612;3560;480;5969;32867;27395;83.4
1950;1611;3560;480;5969;32854;27384;83.4
1951;1610;3560;481;5977;32833;27361;83.3
1952;1609;3560;481;5977;32813;27341;83.3
1953;1608;3560;481;5977;32781;27309;83.3
1954;1607;3560;481;5977;32749;27277;83.3
1955;1606;3560;481;5977;32717;27245;83.3
1956;1605;3560;481;5977;32685;27213;83.3
1957;1604;3560;481;5977;32653;27181;83.2
1958;1603;3560;481;5977;32621;27149;83.2
1959;1602;3560;481;5977;32589;27117;83.2
1960;1601;3560;481;5977;32557;27085;83.2
1961;1600;3560;481;5977;32518;27046;83.2
1962;1599;3560;481;5977;32459;26987;83.1
1963;1598;3560;481;5977;32400;26928;83.1
1964;1597;3560;481;5976;32375;26904;83.1
1965;1596;3560;480;5954;32375;26904;83.1
1966;1595;3560;479;5932;32390;26919;83.1
1967;1594;3560;479;5932;32368;26897;83.1
1968;1593;3560;479;5932;32348;26877;83.1
1969;1592;3560;479;5932;32326;26856;83.1
1970;1591;3560;479;5932;32290;26820;83.1
1971;1590;3560;479;5932;32251;26781;83.0
1972;1589;3560;479;5932;32238;26768;83.0
1973;1588;3560;478;5924;32229;26759;83.0
1974;1587;3560;477;5912;32237;26767;83.0
1975;1586;3560;476;5900;32285;26814;83.1
1976;1585;3560;477;5920;32231;26763;83.0
1977;1584;3560;477;5920;32214;26746;83.0
1978;1583;3560;477;5920;32183;26715;83.0
1979;1582;3560;477;5920;32149;26681;83.0
1980;1581;3560;477;5920;32115;26647;83.0
1981;1580;3560;478;5928;32091;26623;83.0
1982;1579;3560;478;5928;32079;26612;83.0
1983;1578;3560;477;5911;32073;26606;83.0
1984;1577;3560;477;5911;32070;26603;83.0
1985;1576;3560;477;5911;32058;26591;82.9
1986;1575;3560;477;5911;32046;26579;82.9
1987;1574;3560;477;5911;32034;26567;82.9
1988;1573;3560;477;5911;32022;26555;82.9
1989;1572;3560;477;5911;32010;26543;82.9
1990;1571;3560;477;5911;31998;26531;82.9
1991;1570;3560;477;5911;31986;26519;82.9
1992;1569;3560;477;5911;31974;26507;82.9
1993;1568;3560;477;5911;31962;26495;82.9
1994;1567;3560;477;5911;31950;26483;82.9
1995;1566;3560;477;5911;31938;26472;82.9
1996;1565;3560;477;5910;31917;26453;82.9
1997;1564;3560;477;5910;31905;26441;82.9
1998;1563;3560;477;5910;31853;26389;82.8
1999;1562;3560;477;5910;31834;26370;82.8
2000;1561;3560;477;5910;31815;26351;82.8
2001;1560;3560;478;5919;31789;26325;82.8
2002;1559;3560;478;5919;31770;26306;82.8
2003;1558;3560;478;5919;31751;26288;82.8
2004;1557;3560;478;5919;31732;26269;82.8
2005;1556;3560;478;5919;31714;26251;82.8
2006;1555;3560;477;5906;31713;26251;82.8
2007;1554;3560;478;5927;31656;26193;82.7
2008;1553;3560;478;5927;31618;26155;82.7
2009;1552;3560;478;5927;31592;26129;82.7
2010;1551;3560;479;5943;31555;26094;82.7
2011;1550;3560;478;5921;31559;26098;82.7
2012;1549;3560;479;5928;31529;26069;82.7
2013;1548;3560;479;5928;31499;26039;82.7
2014;1547;3560;479;5928;31466;26006;82.6
2015;1546;3560;479;5928;31433;25973;82.6
2016;1545;3560;479;5928;31400;25941;82.6
2017;1544;3560;478;5918;31398;25937;82.6
2018;1543;3560;479;5922;31390;25929;82.6
2019;1542;3560;480;5940;31349;25888;82.6
2020;1541;3560;481;5951;31317;25856;82.6
2021;1540;3560;482;5957;31302;25839;82.5
2022;1539;3560;483;5962;31292;25828;82.5
2023;1538;3560;483;5962;31275;25811;82.5
2024;1537;3560;483;5962;31254;25791;82.5
2025;1536;3560;483;5962;31233;25770;82.5
2026;1535;3560;483;5962;31212;25749;82.5
2027;1534;3560;483;5962;31180;25717;82.5
2028;1533;3560;483;5962;31173;25710;82.5
2029;1532;3560;483;5962;31166;25704;82.5
2030;1531;3560;482;5955;31167;25705;82.5
2031;1530;3560;482;5955;31128;25666;82.5
2032;1529;3560;482;5955;31073;25611;82.4
2033;1528;3560;483;5974;31022;25559;82.4
2034;1527;3560;483;5974;30988;25525;82.4
2035;1526;3560;483;5974;30979;25516;82.4
2036;1525;3560;484;5979;30965;25502;82.4
2037;1524;3560;485;5990;30937;25474;82.3
2038;1523;3560;485;5990;30901;25442;82.3
2039;1522;3560;484;5970;30894;25435;82.3
2040;1521;3560;483;5950;30887;25428;82.3
2041;1520;3560;483;5950;30870;25413;82.3
2042;1519;3560;483;5950;30854;25397;82.3
2043;1518;3560;483;5950;30808;25357;82.3
2044;1517;3560;483;5950;30770;25320;82.3
2045;1516;3560;483;5950;30751;25301;82.3
2046;1515;3560;483;5950;30731;25284;82.3
2047;1514;3560;482;5935;30742;25292;82.3
2048;1513;3560;482;5935;30737;25287;82.3
2049;1512;3560;483;5956;30689;25237;82.2
2050;1511;3560;483;5956;30684;25232;82.2
2051;1510;3560;484;5962;30668;25216;82.2
2052;1509;3560;483;5944;30665;25213;82.2
2053;1508;3560;483;5944;30636;25184;82.2
2054;1507;3560;483;5944;30601;25149;82.2
2055;1506;3560;483;5944;30542;25090;82.1
2056;1505;3560;484;5955;30512;25061;82.1
2057;1504;3560;484;5955;30488;25037;82.1
2058;1503;3560;484;5955;30481;25030;82.1
2059;1502;3560;484;5955;30477;25027;82.1
2060;1501;3560;484;5955;30470;25020;82.1
2061;1500;3560;484;5955;30457;25008;82.1
2062;1499;3560;485;5963;30437;24988;82.1
2063;1498;3560;485;5960;30429;24981;82.1
2064;1497;3560;484;5951;30439;24990;82.1
2065;1496;3560;485;5960;30420;24971;82.1
2066;1495;3560;486;5970;30403;24949;82.1
2067;1494;3560;485;5963;30398;24944;82.1
2068;1493;3560;485;5963;30370;24916;82.0
2069;1492;3560;486;5987;30309;24855;82.0
2070;1491;3560;486;5987;30277;24823;82.0
2071;1490;3560;486;5987;30245;24791;82.0
2072;1489;3560;486;5987;30228;24775;82.0
2073;1488;3560;486;5987;30194;24741;81.9
2074;1487;3560;486;5987;30160;24707;81.9
2075;1486;3560;486;5987;30126;24673;81.9
2076;1485;3560;485;5973;30128;24675;81.9
2077;1484;3560;486;5982;30103;24650;81.9
2078;1483;3560;486;5982;30084;24633;81.9
2079;1482;3560;486;5982;30066;24615;81.9
2080;1481;3560;486;5982;30007;24556;81.8
2081;1480;3560;486;5982;29978;24529;81.8
2082;1479;3560;486;5982;29946;24511;81.9
2083;1478;3560;486;5982;29911;24478;81.8
2084;1477;3560;486;5982;29868;24435;81.8
2085;1476;3560;486;5982;29825;24392;81.8
2086;1475;3560;485;5947;29810;24377;81.8
2087;1474;3560;485;5947;29751;24318;81.7
2088;1473;3560;485;5947;29754;24321;81.7
2089;1472;3560;485;5947;29751;24318;81.7
2090;1471;3560;485;5946;29748;24315;81.7
2091;1470;3560;485;5946;29744;24311;81.7
2092;1469;3560;485;5946;29740;24307;81.7
2093;1468;3560;485;5946;29736;24304;81.7
2094;1467;3560;485;5946;29728;24296;81.7
2095;1466;3560;484;5928;29749;24317;81.7
2096;1465;3560;484;5928;29730;24300;81.7
2097;1464;3560;485;5935;29713;24283;81.7
2098;1463;3560;485;5935;29696;24266;81.7
2099;1462;3560;485;5935;29678;24248;81.7
2100;1461;3560;485;5935;29660;24231;81.7
2101;1460;3560;484;5926;29674;24245;81.7
2102;1459;3560;483;5916;29699;24269;81.7
2103;1458;3560;482;5901;29708;24276;81.7
2104;1457;3560;481;5888;29707;24274;81.7
2105;1456;3560;480;5874;29706;24273;81.7
2106;1455;3560;481;5880;29691;24259;81.7
2107;1454;3560;481;5880;29664;24233;81.7
2108;1453;3560;480;5875;29662;24232;81.7
2109;1452;3560;480;5875;29658;24228;81.7
2110;1451;3560;480;5875;29654;24224;81.7
2111;1450;3560;480;5875;29650;24220;81.7
2112;1449;3560;481;5876;29648;24217;81.7
2113;1448;3560;482;5877;29646;24215;81.7
2114;1447;3560;481;5872;29646;24214;81.7
2115;1446;3560;481;5872;29632;24200;81.7
2116;1445;3560;481;5871;29618;24187;81.7
2117;1444;3560;481;5870;29598;24167;81.7
2118;1443;3560;481;5870;29551;24120;81.6
2119;1442;3560;482;5876;29541;24107;81.6
2120;1441;3560;482;5875;29534;24101;81.6
2121;1440;3560;482;5875;29508;24075;81.6
2122;1439;3560;483;5880;29497;24064;81.6
2123;1438;3560;482;5875;29500;24067;81.6
2124;1437;3560;483;5879;29490;24056;81.6
2125;1436;3560;484;5883;29484;24050;81.6
2126;1435;3560;484;5883;29472;24039;81.6
2127;1434;3560;485;5891;29459;24026;81.6
2128;1433;3560;485;5891;29425;23996;81.5
2129;1432;3560;486;5898;29409;23980;81.5
2130;1431;3560;486;5898;29398;23969;81.5
2131;1430;3560;486;5898;29387;23958;81.5
2132;1429;3560;487;5901;29379;23950;81.5
2133;1428;3560;487;5901;29320;23894;81.5
2134;1427;3560;487;5901;29288;23866;81.5
2135;1426;3560;487;5901;29255;23834;81.5
2136;1425;3560;487;5901;29228;23807;81.5
2137;1424;3560;487;5901;29201;23780;81.4
2138;1423;3560;487;5901;29182;23761;81.4
2139;1422;3560;487;5901;29165;23744;81.4
2140;1421;3560;487;5901;29110;23689;81.4
2141;1420;3560;487;5901;29096;23675;81.4
2142;1419;3560;487;5901;29082;23661;81.4
2143;1418;3560;487;5900;29053;23636;81.4
2144;1417;3560;488;5907;29020;23603;81.3
2145;1416;3560;488;5907;28994;23577;81.3
2146;1415;3560;487;5898;29001;23584;81.3
2147;1414;3560;487;5898;28995;23578;81.3
2148;1413;3560;488;5905;28982;23562;81.3
2149;1412;3560;489;5913;28965;23544;81.3
2150;1411;3560;490;5920;28948;23527;81.3
2151;1410;3560;491;5928;28934;23516;81.3
2152;1409;3560;491;5928;28916;23501;81.3
2153;1408;3560;492;5937;28890;23475;81.3
2154;1407;3560;491;5923;28890;23475;81.3
2155;1406;3560;490;5911;28885;23470;81.3
2156;1405;3560;489;5891;28881;23466;81.3
2157;1404;3560;489;5891;28872;23457;81.2
2158;1403;3560;489;5891;28863;23448;81.2
2159;1402;3560;489;5891;28820;23405;81.2
2160;1401;3560;489;5891;28804;23390;81.2
2161;1400;3560;490;5905;28770;23354;81.2
2162;1399;3560;491;5907;28763;23345;81.2
2163;1398;3560;492;5911;28753;23335;81.2
2164;1397;3560;492;5911;28740;23322;81.1
2165;1396;3560;493;5920;28718;23300;81.1
2166;1395;3560;493;5920;28712;23294;81.1
2167;1394;3560;493;5920;28706;23288;81.1
2168;1393;3560;492;5915;28706;23288;81.1
2169;1392;3560;492;5915;28699;23284;81.1
2170;1391;3560;492;5915;28692;23277;81.1
2171;1390;3560;492;5915;28687;23273;81.1
2172;1389;3560;491;5903;28681;23267;81.1
2173;1388;3560;491;5903;28674;23260;81.1
2174;1387;3560;491;5903;28667;23255;81.1
2175;1386;3560;491;5902;28670;23258;81.1
2176;1385;3560;491;5902;28615;23205;81.1
2177;1384;3560;491;5902;28598;23188;81.1
2178;1383;3560;492;5918;28557;23146;81.1
2179;1382;3560;492;5918;28514;23103;81.0
2180;1381;3560;491;5911;28514;23103;81.0
2181;1380;3560;490;5884;28507;23096;81.0
2182;1379;3560;489;5877;28505;23094;81.0
2183;1378;3560;489;5877;28483;23073;81.0
2184;1377;3560;490;5892;28443;23033;81.0
2185;1376;3560;490;5892;28433;23023;81.0
2186;1375;3560;491;5899;28421;23010;81.0
2187;1374;3560;491;5899;28414;23003;81.0
2188;1373;3560;490;5884;28406;22995;81.0
2189;1372;3560;490;5884;28406;22996;81.0
2190;1371;3560;490;5884;28396;22986;80.9
2191;1370;3560;490;5884;28373;22964;80.9
2192;1369;3560;489;5872;28397;22988;81.0
2193;1368;3560;489;5872;28377;22970;80.9
2194;1367;3560;490;5876;28368;22961;80.9
2195;1366;3560;491;5879;28360;22953;80.9
2196;1365;3560;491;5878;28357;22951;80.9
2197;1364;3560;491;5878;28352;22946;80.9
2198;1363;3560;491;5878;28347;22941;80.9
2199;1362;3560;491;5878;28342;22936;80.9
2200;1361;3560;491;5878;28338;22932;80.9
2201;1360;3560;491;5878;28334;22928;80.9
2202;1359;3560;490;5872;28335;22930;80.9
2203;1358;3560;490;5872;28315;22912;80.9
2204;1357;3560;490;5872;28305;22902;80.9
2205;1356;3560;491;5884;28276;22873;80.9
2206;1355;3560;491;5884;28263;22860;80.9
2207;1354;3560;491;5881;28268;22865;80.9
2208;1353;3560;491;5880;28257;22856;80.9
2209;1352;3560;492;5890;28235;22834;80.9
2210;1351;3560;492;5890;28222;22821;80.9
2211;1350;3560;492;5890;28209;22808;80.9
2212;1349;3560;493;5902;28177;22777;80.8
2213;1348;3560;493;5902;28170;22770;80.8
2214;1347;3560;494;5907;28160;22758;80.8
2215;1346;3560;495;5923;28116;22714;80.8
2216;1345;3560;496;5928;28105;22702;80.8
2217;1344;3560;496;5928;28097;22694;80.8
2218;1343;3560;496;5928;28089;22686;80.8
2219;1342;3560;496;5928;28081;22678;80.8
2220;1341;3560;496;5928;28074;22672;80.8
2221;1340;3560;497;5936;28061;22658;80.7
2222;1339;3560;498;5943;28047;22644;80.7
2223;1338;3560;498;5943;28032;22630;80.7
2224;1337;3560;498;5943;28013;22611;80.7
2225;1336;3560;498;5943;27994;22593;80.7
2226;1335;3560;498;5942;27977;22580;80.7
2227;1334;3560;498;5942;27959;22572;80.7
2228;1333;3560;499;5948;27944;22557;80.7
2229;1332;3560;499;5947;27935;22548;80.7
2230;1331;3560;498;5931;27926;22540;80.7
2231;1330;3560;498;5931;27883;22497;80.7
2232;1329;3560;498;5931;27855;22469;80.7
2233;1328;3560;497;5924;27862;22477;80.7
2234;1327;3560;498;5926;27858;22473;80.7
2235;1326;3560;499;5932;27844;22459;80.7
2236;1325;3560;500;5937;27832;22446;80.6
2237;1324;3560;500;5937;27823;22438;80.6
2238;1323;3560;499;5926;27825;22440;80.6
2239;1322;3560;499;5926;27819;22434;80.6
2240;1321;3560;499;5926;27815;22431;80.6
2241;1320;3560;500;5932;27807;22421;80.6
2242;1319;3560;499;5922;27810;22425;80.6
2243;1318;3560;500;5925;27805;22419;80.6
2244;1317;3560;501;5928;27800;22414;80.6
2245;1316;3560;502;5931;27797;22410;80.6
2246;1315;3560;503;5937;27780;22393;80.6
2247;1314;3560;502;5931;27777;22390;80.6
2248;1313;3560;503;5940;27751;22363;80.6
2249;1312;3560;503;5940;27742;22354;80.6
2250;1311;3560;503;5940;27733;22345;80.6
2251;1310;3560;503;5940;27690;22304;80.5
2252;1309;3560;503;5940;27665;22283;80.5
2253;1308;3560;502;5925;27677;22295;80.6
2254;1307;3560;502;5925;27651;22270;80.5
2255;1306;3560;503;5931;27636;22255;80.5
2256;1305;3560;503;5931;27627;22246;80.5
2257;1304;3560;502;5924;27624;22243;80.5
2258;1303;3560;503;5933;27599;22218;80.5
2259;1302;3560;503;5933;27592;22212;80.5
2260;1301;3560;503;5933;27582;22202;80.5
2261;1300;3560;503;5933;27578;22198;80.5
2262;1299;3560;504;5937;27569;22189;80.5
2263;1298;3560;504;5937;27558;22181;80.5
2264;1297;3560;504;5937;27547;22171;80.5
2265;1296;3560;504;5937;27536;22160;80.5
2266;1295;3560;504;5937;27525;22149;80.5
2267;1294;3560;504;5937;27514;22141;80.5
2268;1293;3560;503;5929;27514;22142;80.5
2269;1292;3560;502;5919;27516;22144;80.5
2270;1291;3560;502;5919;27509;22137;80.5
2271;1290;3560;503;5921;27503;22131;80.5
2272;1289;3560;504;5928;27484;22112;80.5
2273;1288;3560;503;5924;27485;22113;80.5
2274;1287;3560;503;5924;27481;22109;80.5
2275;1286;3560;503;5924;27477;22105;80.4
2276;1285;3560;503;5924;27473;22101;80.4
2277;1284;3560;503;5924;27469;22098;80.4
2278;1283;3560;503;5924;27466;22095;80.4
2279;1282;3560;503;5924;27458;22089;80.4
2280;1281;3560;504;5928;27451;22083;80.4
2281;1280;3560;503;5921;27453;22085;80.4
2282;1279;3560;503;5921;27445;22077;80.4
2283;1278;3560;504;5935;27407;22039;80.4
2284;1277;3560;503;5918;27444;22078;80.4
2285;1276;3560;504;5925;27427;22061;80.4
2286;1275;3560;503;5913;27423;22057;80.4
2287;1274;3560;502;5903;27433;22067;80.4
2288;1273;3560;501;5893;27443;22076;80.4
2289;1272;3560;501;5893;27438;22072;80.4
2290;1271;3560;501;5893;27416;22050;80.4
2291;1270;3560;502;5898;27409;22042;80.4
2292;1269;3560;502;5898;27371;22004;80.4
2293;1268;3560;503;5908;27352;21985;80.4
2294;1267;3560;503;5908;27342;21975;80.4
2295;1266;3560;502;5902;27342;21977;80.4
2296;1265;3560;502;5902;27334;21970;80.4
2297;1264;3560;502;5902;27330;21966;80.4
2298;1263;3560;503;5905;27323;21959;80.4
2299;1262;3560;504;5917;27291;21927;80.3
2300;1261;3560;504;5916;27282;21918;80.3
2301;1260;3560;504;5916;27277;21913;80.3
2302;1259;3560;505;5933;27237;21874;80.3
2303;1258;3560;506;5960;27175;21819;80.3
2304;1257;3560;506;5960;27146;21793;80.3
2305;1256;3560;506;5960;27134;21781;80.3
2306;1255;3560;506;5960;27128;21775;80.3
2307;1254;3560;506;5959;27122;21770;80.3
2308;1253;3560;506;5958;27118;21767;80.3
2309;1252;3560;506;5958;27114;21763;80.3
2310;1251;3560;507;5967;27094;21744;80.3
2311;1250;3560;507;5966;27091;21744;80.3
2312;1249;3560;508;5971;27082;21735;80.3
2313;1248;3560;508;5971;27075;21728;80.3
2314;1247;3560;508;5971;27068;21721;80.2
2315;1246;3560;508;5971;27062;21715;80.2
2316;1245;3560;509;5978;27047;21700;80.2
2317;1244;3560;510;5985;27032;21685;80.2
2318;1243;3560;511;5991;27020;21673;80.2
2319;1242;3560;511;5991;27011;21664;80.2
2320;1241;3560;511;5991;27002;21655;80.2
2321;1240;3560;511;5991;26985;21638;80.2
2322;1239;3560;512;5999;26971;21621;80.2
2323;1238;3560;512;5999;26960;21610;80.2
2324;1237;3560;512;5999;26951;21601;80.1
2325;1236;3560;512;5999;26929;21579;80.1
2326;1235;3560;511;5990;26946;21595;80.1
2327;1234;3560;510;5980;26967;21616;80.2
2328;1233;3560;509;5970;26996;21644;80.2
2329;1232;3560;509;5970;26984;21632;80.2
2330;1231;3560;509;5970;26972;21623;80.2
2331;1230;3560;510;5979;26949;21600;80.2
2332;1229;3560;511;5984;26896;21547;80.1
2333;1228;3560;510;5981;26896;21547;80.1
2334;1227;3560;509;5978;26896;21548;80.1
2335;1226;3560;510;5979;26895;21547;80.1
2336;1225;3560;510;5979;26885;21538;80.1
2337;1224;3560;509;5977;26886;21539;80.1
2338;1223;3560;509;5977;26883;21536;80.1
2339;1222;3560;510;5979;26879;21531;80.1
2340;1221;3560;510;5979;26876;21528;80.1
2341;1220;3560;510;5979;26874;21526;80.1
2342;1219;3560;510;5979;26873;21525;80.1
2343;1218;3560;510;5979;26873;21525;80.1
2344;1217;3560;510;5979;26872;21524;80.1
2345;1216;3560;509;5978;26872;21524;80.1
2346;1215;3560;509;5978;26871;21523;80.1
2347;1214;3560;510;5980;26866;21518;80.1
2348;1213;3560;510;5979;26861;21513;80.1
2349;1212;3560;510;5979;26853;21505;80.1
2350;1211;3560;510;5979;26842;21500;80.1
2351;1210;3560;510;5978;26838;21498;80.1
2352;1209;3560;510;5977;26834;21497;80.1
2353;1208;3560;510;5976;26830;21495;80.1
2354;1207;3560;511;5984;26816;21480;80.1
2355;1206;3560;510;5983;26816;21480;80.1
2356;1205;3560;509;5982;26816;21480;80.1
2357;1204;3560;510;5985;26798;21461;80.1
2358;1203;3560;511;5989;26792;21456;80.1
2359;1202;3560;512;5991;26788;21451;80.1
2360;1201;3560;512;5991;26784;21447;80.1
2361;1200;3560;512;5991;26780;21444;80.1
2362;1199;3560;513;5993;26776;21440;80.1
2363;1198;3560;514;5995;26773;21436;80.1
2364;1197;3560;514;5995;26769;21432;80.1
2365;1196;3560;514;5995;26767;21431;80.1
2366;1195;3560;515;5997;26764;21428;80.1
2367;1194;3560;516;5998;26763;21426;80.1
2368;1193;3560;517;6000;26760;21423;80.1
2369;1192;3560;517;6000;26759;21423;80.1
2370;1191;3560;517;6000;26756;21420;80.1
2371;1190;3560;517;6000;26753;21417;80.1
2372;1189;3560;517;6000;26750;21414;80.1
2373;1188;3560;518;6006;26733;21397;80.0
2374;1187;3560;518;6006;26724;21388;80.0
2375;1186;3560;517;5996;26730;21394;80.0
2376;1185;3560;517;5996;26721;21385;80.0
2377;1184;3560;517;5996;26712;21380;80.0
2378;1183;3560;517;5996;26707;21375;80.0
2379;1182;3560;518;6004;26687;21355;80.0
2380;1181;3560;518;6004;26666;21336;80.0
2381;1180;3560;519;6016;26634;21304;80.0
2382;1179;3560;519;6016;26624;21294;80.0
2383;1178;3560;519;6016;26614;21286;80.0
2384;1177;3560;520;6022;26598;21270;80.0
2385;1176;3560;519;6012;26606;21278;80.0
2386;1175;3560;519;6012;26588;21260;80.0
2387;1174;3560;519;6012;26581;21253;80.0
2388;1173;3560;519;6012;26573;21245;79.9
2389;1172;3560;520;6019;26558;21231;79.9
2390;1171;3560;520;6018;26553;21229;79.9
2391;1170;3560;520;6018;26548;21225;79.9
2392;1169;3560;520;6018;26538;21215;79.9
2393;1168;3560;521;6023;26529;21205;79.9
2394;1167;3560;521;6023;26524;21200;79.9
2395;1166;3560;522;6037;26493;21173;79.9
2396;1165;3560;522;6037;26484;21164;79.9
2397;1164;3560;522;6037;26481;21163;79.9
2398;1163;3560;523;6040;26475;21158;79.9
2399;1162;3560;523;6040;26475;21158;79.9
2400;1161;3560;524;6043;26471;21151;79.9
2401;1160;3560;524;6043;26463;21143;79.9
2402;1159;3560;523;6037;26470;21150;79.9
2403;1158;3560;522;6033;26474;21154;79.9
2404;1157;3560;522;6033;26464;21144;79.9
2405;1156;3560;521;6023;26513;21195;79.9
2406;1155;3560;520;6015;26528;21210;80.0
2407;1154;3560;519;6007;26543;21225;80.0
2408;1153;3560;519;6007;26540;21222;80.0
2409;1152;3560;519;6007;26537;21219;80.0
2410;1151;3560;518;6005;26541;21223;80.0
2411;1150;3560;517;6002;26542;21224;80.0
2412;1149;3560;517;6002;26539;21222;80.0
2413;1148;3560;518;6006;26531;21214;80.0
2414;1147;3560;519;6010;26523;21206;80.0
2415;1146;3560;519;6010;26518;21204;80.0
2416;1145;3560;520;6029;26467;21153;79.9
2417;1144;3560;520;6029;26428;21114;79.9
2418;1143;3560;518;6018;26449;21135;79.9
2419;1142;3560;518;6018;26413;21099;79.9
2420;1141;3560;517;6009;26429;21116;79.9
2421;1140;3560;518;6011;26427;21114;79.9
2422;1139;3560;519;6013;26425;21113;79.9
2423;1138;3560;519;6013;26421;21109;79.9
2424;1137;3560;519;6013;26415;21105;79.9
2425;1136;3560;517;6006;26439;21130;79.9
2426;1135;3560;517;6006;26438;21129;79.9
2427;1134;3560;517;6005;26437;21129;79.9
2428;1133;3560;517;6005;26435;21127;79.9
2429;1132;3560;516;6002;26435;21127;79.9
2430;1131;3560;516;6002;26432;21124;79.9
2431;1130;3560;515;5995;26445;21137;79.9
2432;1129;3560;515;5995;26427;21120;79.9
2433;1128;3560;515;5995;26420;21113;79.9
2434;1127;3560;514;5988;26425;21118;79.9
2435;1126;3560;513;5981;26426;21119;79.9
2436;1125;3560;513;5981;26392;21085;79.9
2437;1124;3560;514;5986;26382;21075;79.9
2438;1123;3560;512;5952;26712;21405;80.1
2439;1122;3560;511;5949;26734;21427;80.1
2440;1121;3560;510;5930;26828;21521;80.2
2441;1120;3560;510;5930;26825;21520;80.2
2442;1119;3560;509;5925;26836;21531;80.2
2443;1118;3560;509;5924;26834;21530;80.2
2444;1117;3560;510;5943;26786;21482;80.2
2445;1116;3560;508;5899;26930;21626;80.3
2446;1115;3560;509;5903;26919;21615;80.3
2447;1114;3560;509;5903;26912;21610;80.3
2448;1113;3560;509;5902;26912;21610;80.3
2449;1112;3560;510;5906;26906;21604;80.3
2450;1111;3560;509;5887;26895;21593;80.3
2451;1110;3560;509;5887;26891;21589;80.3
2452;1109;3560;510;5896;26874;21574;80.3
2453;1108;3560;509;5873;27067;21767;80.4
2454;1107;3560;508;5865;27103;21803;80.4
2455;1106;3560;509;5874;27087;21784;80.4
2456;1105;3560;509;5874;27077;21774;80.4
2457;1104;3560;510;5880;27060;21758;80.4
2458;1103;3560;508;5841;27473;22164;80.7
2459;1102;3560;509;5879;27356;22047;80.6
2460;1101;3560;508;5874;27362;22053;80.6
2461;1100;3560;507;5871;27379;22070;80.6
2462;1099;3560;507;5871;27376;22067;80.6
2463;1098;3560;507;5871;27374;22066;80.6
2464;1097;3560;506;5865;27384;22076;80.6
2465;1096;3560;505;5842;27435;22127;80.7
2466;1095;3560;503;5825;27606;22298;80.8
2467;1094;3560;503;5825;27605;22297;80.8
2468;1093;3560;503;5825;27604;22297;80.8
2469;1092;3560;503;5825;27598;22292;80.8
2470;1091;3560;501;5815;27613;22307;80.8
2471;1090;3560;502;5816;27612;22305;80.8
2472;1089;3560;502;5816;27611;22304;80.8
2473;1088;3560;502;5816;27610;22303;80.8
2474;1087;3560;502;5816;27609;22302;80.8
2475;1086;3560;502;5816;27608;22301;80.8
2476;1085;3560;502;5816;27607;22300;80.8
2477;1084;3560;502;5816;27606;22300;80.8
2478;1083;3560;503;5817;27605;22298;80.8
2479;1082;3560;503;5817;27604;22297;80.8
2480;1081;3560;503;5817;27603;22296;80.8
2481;1080;3560;503;5817;27602;22295;80.8
2482;1079;3560;503;5817;27601;22294;80.8
2483;1078;3560;503;5817;27600;22293;80.8
2484;1077;3560;503;5817;27599;22293;80.8
2485;1076;3560;504;5818;27598;22291;80.8
2486;1075;3560;504;5818;27597;22290;80.8
2487;1074;3560;504;5818;27596;22289;80.8
2488;1073;3560;504;5818;27595;22288;80.8
2489;1072;3560;504;5818;27594;22287;80.8
2490;1071;3560;504;5818;27593;22286;80.8
2491;1070;3560;504;5818;27592;22286;80.8
2492;1069;3560;505;5819;27591;22285;80.8
2493;1068;3560;505;5819;27590;22284;80.8
2494;1067;3560;505;5819;27589;22283;80.8
2495;1066;3560;505;5819;27588;22282;80.8
2496;1065;3560;505;5819;27587;22281;80.8
2497;1064;3560;505;5819;27586;22280;80.8
2498;1063;3560;505;5819;27585;22280;80.8
2499;1062;3560;506;5820;27584;22278;80.8
2500;1061;3560;506;5820;27583;22277;80.8
2501;1060;3560;506;5820;27582;22276;80.8
2502;1059;3560;506;5820;27581;22275;80.8
2503;1058;3560;506;5820;27580;22274;80.8
2504;1057;3560;506;5820;27579;22273;80.8
2505;1056;3560;506;5820;27578;22273;80.8
2506;1055;3560;507;5821;27577;22271;80.8
2507;1054;3560;507;5821;27576;22270;80.8
2508;1053;3560;507;5821;27575;22269;80.8
2509;1052;3560;507;5821;27574;22268;80.8
2510;1051;3560;507;5821;27573;22267;80.8
2511;1050;3560;507;5821;27572;22266;80.8
2512;1049;3560;507;5821;27571;22266;80.8
2513;1048;3560;508;5822;27570;22264;80.8
2514;1047;3560;508;5822;27569;22263;80.8
2515;1046;3560;508;5822;27568;22262;80.8
2516;1045;3560;508;5822;27567;22261;80.8
2517;1044;3560;508;5822;27566;22260;80.8
2518;1043;3560;508;5822;27565;22259;80.8
2519;1042;3560;508;5822;27564;22259;80.8
2520;1041;3560;509;5823;27563;22257;80.7
2521;1040;3560;509;5823;27562;22256;80.7
2522;1039;3560;509;5823;27561;22255;80.7
2523;1038;3560;509;5823;27560;22254;80.7
2524;1037;3560;509;5823;27559;22253;80.7
2525;1036;3560;509;5823;27558;22252;80.7
2526;1035;3560;509;5823;27557;22252;80.7
2527;1034;3560;510;5824;27556;22250;80.7
2528;1033;3560;510;5824;27555;22250;80.7
2529;1032;3560;511;5825;27554;22248;80.7
2530;1031;3560;511;5825;27553;22248;80.7
2531;1030;3560;512;5826;27552;22246;80.7
2532;1029;3560;512;5826;27551;22246;80.7
2533;1028;3560;513;5827;27550;22244;80.7
2534;1027;3560;513;5827;27549;22244;80.7
2535;1026;3560;514;5828;27548;22242;80.7
2536;1025;3560;514;5828;27547;22242;80.7
2537;1024;3560;515;5829;27546;22240;80.7
2538;1023;3560;515;5829;27545;22240;80.7
2539;1022;3560;516;5830;27544;22238;80.7
2540;1021;3560;516;5830;27543;22238;80.7
2541;1020;3560;517;5831;27542;22236;80.7
2542;1019;3560;517;5831;27541;22236;80.7
2543;1018;3560;518;5832;27540;22234;80.7
2544;1017;3560;518;5832;27539;22234;80.7
2545;1016;3560;519;5833;27538;22232;80.7
2546;1015;3560;519;5833;27537;22232;80.7
2547;1014;3560;520;5834;27536;22230;80.7
2548;1013;3560;520;5834;27535;22230;80.7
2549;1012;3560;521;5835;27534;22228;80.7
2550;1011;3560;521;5835;27533;22228;80.7
2551;1010;3560;522;5836;27532;22226;80.7
2552;1009;3560;522;5836;27531;22226;80.7
2553;1008;3560;523;5837;27530;22224;80.7
2554;1007;3560;523;5837;27529;22224;80.7
2555;1006;3560;524;5838;27528;22222;80.7
2556;1005;3560;524;5838;27527;22222;80.7
2557;1004;3560;525;5839;27526;22220;80.7
2558;1003;3560;525;5839;27525;22220;80.7
2559;1002;3560;526;5840;27524;22218;80.7
2560;1001;3560;526;5840;27523;22218;80.7
2561;1000;3560;527;5841;27522;22216;80.7
2562;999;3560;527;5841;27521;22216;80.7
2563;998;3560;528;5842;27520;22214;80.7
2564;997;3560;528;5842;27519;22214;80.7
2565;996;3560;529;5843;27518;22212;80.7
2566;995;3560;529;5843;27517;22212;80.7
2567;994;3560;530;5844;27516;22210;80.7
2568;993;3560;530;5844;27515;22210;80.7
2569;992;3560;531;5845;27514;22208;80.7
2570;991;3560;531;5845;27513;22208;80.7
2571;990;3560;532;5846;27512;22206;80.7
2572;989;3560;532;5846;27511;22206;80.7
2573;988;3560;533;5847;27510;22204;80.7
2574;987;3560;533;5847;27509;22204;80.7
2575;986;3560;534;5848;27508;22202;80.7
2576;985;3560;534;5848;27507;22202;80.7
2577;984;3560;535;5849;27506;22200;80.7
2578;983;3560;535;5849;27505;22200;80.7
2579;982;3560;536;5850;27504;22198;80.7
2580;981;3560;536;5850;27503;22198;80.7
2581;980;3560;537;5851;27502;22196;80.7
2582;979;3560;537;5851;27501;22196;80.7
2583;978;3560;538;5852;27500;22194;80.7
2584;977;3560;538;5852;27499;22194;80.7
2585;976;3560;539;5853;27498;22192;80.7
2586;975;3560;539;5853;27497;22192;80.7
2587;974;3560;540;5854;27496;22190;80.7
2588;973;3560;540;5854;27495;22190;80.7
2589;972;3560;541;5855;27494;22188;80.7
2590;971;3560;541;5855;27493;22188;80.7
2591;970;3560;542;5856;27492;22187;80.7
2592;969;3560;543;5857;27491;22186;80.7
2593;968;3560;544;5858;27490;22185;80.7
2594;967;3560;545;5859;27489;22184;80.7
2595;966;3560;546;5860;27488;22183;80.7
2596;965;3560;547;5861;27487;22182;80.7
2597;964;3560;548;5862;27486;22181;80.7
2598;963;3560;549;5863;27485;22180;80.7
2599;962;3560;549;5863;27483;22178;80.7
2600;961;3560;549;5863;27481;22177;80.7
2601;960;3560;549;5863;27479;22175;80.7
2602;959;3560;548;5859;27481;22177;80.7
2603;958;3560;547;5857;27481;22177;80.7
2604;957;3560;546;5855;27482;22178;80.7
2605;956;3560;547;5856;27481;22177;80.7
2606;955;3560;548;5871;27452;22149;80.7
2607;954;3560;548;5871;27431;22128;80.7
2608;953;3560;549;5879;27416;22113;80.7
2609;952;3560;548;5871;27440;22136;80.7
2610;951;3560;549;5896;27377;22073;80.6
2611;950;3560;549;5896;27413;22109;80.7
2612;949;3560;547;5876;27448;22143;80.7
2613;948;3560;547;5876;27422;22117;80.7
2614;947;3560;547;5876;27419;22114;80.7
2615;946;3560;547;5876;27417;22112;80.7
2616;945;3560;547;5876;27411;22107;80.7
2617;944;3560;547;5876;27377;22082;80.7
2618;943;3560;548;5878;27373;22078;80.7
2619;942;3560;547;5872;27387;22091;80.7
2620;941;3560;545;5857;27433;22137;80.7
2621;940;3560;546;5859;27429;22132;80.7
2622;939;3560;546;5859;27422;22129;80.7
2623;938;3560;545;5853;27432;22139;80.7
2624;937;3560;546;5878;27370;22077;80.7
2625;936;3560;545;5872;27377;22084;80.7
2626;935;3560;543;5837;27530;22236;80.8
2627;934;3560;542;5831;27556;22262;80.8
2628;933;3560;542;5831;27580;22286;80.8
2629;932;3560;542;5831;27577;22283;80.8
2630;931;3560;542;5831;27574;22280;80.8
2631;930;3560;541;5825;27585;22291;80.8
2632;929;3560;540;5818;27607;22313;80.8
2633;928;3560;539;5812;27641;22347;80.8
2634;927;3560;540;5814;27637;22343;80.8
2635;926;3560;540;5814;27633;22339;80.8
2636;925;3560;539;5810;27637;22343;80.8
2637;924;3560;540;5812;27634;22340;80.8
2638;923;3560;539;5808;27634;22340;80.8
2639;922;3560;537;5803;27640;22345;80.8
2640;921;3560;536;5794;27642;22348;80.8
2641;920;3560;537;5795;27638;22343;80.8
2642;919;3560;536;5784;27696;22401;80.9
2643;918;3560;535;5764;27760;22464;80.9
2644;917;3560;533;5750;27787;22490;80.9
2645;916;3560;531;5708;28155;22858;81.2
2646;915;3560;532;5748;28032;22733;81.1
2647;914;3560;531;5744;28050;22751;81.1
2648;913;3560;531;5744;28047;22748;81.1
2649;912;3560;531;5744;28083;22783;81.1
2650;911;3560;530;5735;28099;22799;81.1
2651;910;3560;529;5731;28105;22804;81.1
2652;909;3560;527;5722;28124;22823;81.2
2653;908;3560;526;5717;28129;22828;81.2
2654;907;3560;527;5720;28124;22823;81.2
2655;906;3560;526;5717;28129;22828;81.2
2656;905;3560;526;5717;28126;22825;81.2
2657;904;3560;524;5700;28153;22851;81.2
2658;903;3560;523;5694;28162;22859;81.2
2659;902;3560;522;5687;28355;23051;81.3
2660;901;3560;521;5677;28569;23265;81.4
2661;900;3560;520;5669;28623;23319;81.5
2662;899;3560;520;5669;28620;23316;81.5
2663;898;3560;519;5663;28771;23466;81.6
2664;897;3560;518;5657;28809;23504;81.6
2665;896;3560;517;5651;28860;23555;81.6
2666;895;3560;515;5639;28892;23587;81.6
2667;894;3560;514;5633;28905;23600;81.6
2668;893;3560;513;5627;28918;23613;81.7
2669;892;3560;511;5599;28968;23662;81.7
2670;891;3560;510;5590;28987;23681;81.7
2671;890;3560;509;5582;29111;23805;81.8
2672;889;3560;508;5574;29147;23841;81.8
2673;888;3560;508;5574;29144;23838;81.8
2674;887;3560;507;5564;29185;23879;81.8
2675;886;3560;507;5564;29145;23839;81.8
2676;885;3560;507;5564;29142;23836;81.8
2677;884;3560;506;5555;29178;23868;81.8
2678;883;3560;505;5549;29190;23881;81.8
2679;882;3560;505;5549;29187;23878;81.8
2680;881;3560;505;5549;29184;23875;81.8
2681;880;3560;504;5542;29249;23940;81.8
2682;879;3560;503;5534;29383;24072;81.9
2683;878;3560;502;5529;29390;24079;81.9
2684;877;3560;501;5523;29402;24092;81.9
2685;876;3560;500;5518;29410;24100;81.9
2686;875;3560;500;5518;29407;24097;81.9
2687;874;3560;499;5513;29433;24123;82.0
2688;873;3560;497;5500;29460;24150;82.0
2689;872;3560;496;5498;29468;24158;82.0
2690;871;3560;495;5494;29467;24157;82.0
2691;870;3560;494;5486;29523;24212;82.0
2692;869;3560;493;5478;29583;24272;82.0
2693;868;3560;491;5456;29646;24335;82.1
2694;867;3560;492;5461;29637;24326;82.1
2695;866;3560;492;5461;29625;24314;82.1
2696;865;3560;492;5461;29621;24310;82.1
2697;864;3560;492;5461;29617;24306;82.1
2698;863;3560;490;5444;29669;24359;82.1
2699;862;3560;491;5446;29667;24357;82.1
2700;861;3560;492;5448;29665;24356;82.1
2701;860;3560;493;5450;29663;24354;82.1
2702;859;3560;494;5453;29658;24348;82.1
2703;858;3560;494;5453;29654;24344;82.1
2704;857;3560;495;5454;29653;24343;82.1
2705;856;3560;494;5452;29654;24344;82.1
2706;855;3560;493;5447;29661;24351;82.1
2707;854;3560;492;5437;29681;24371;82.1
2708;853;3560;490;5420;29758;24448;82.2
2709;852;3560;490;5420;29755;24445;82.2
2710;851;3560;489;5404;29814;24502;82.2
2711;850;3560;488;5393;29837;24523;82.2
2712;849;3560;487;5385;29868;24554;82.2
2713;848;3560;486;5376;29968;24654;82.3
2714;847;3560;484;5360;30020;24706;82.3
2715;846;3560;483;5347;30097;24781;82.3
2716;845;3560;482;5337;30122;24806;82.4
2717;844;3560;481;5330;30166;24850;82.4
2718;843;3560;480;5321;30192;24876;82.4
2719;842;3560;480;5321;30189;24873;82.4
2720;841;3560;478;5306;30250;24932;82.4
2721;840;3560;477;5300;30369;25051;82.5
2722;839;3560;476;5292;30396;25076;82.5
2723;838;3560;475;5285;30407;25087;82.5
2724;837;3560;474;5278;30451;25131;82.5
2725;836;3560;473;5270;30465;25145;82.5
2726;835;3560;473;5270;30462;25142;82.5
2727;834;3560;473;5270;30459;25139;82.5
2728;833;3560;472;5263;30641;25321;82.6
2729;832;3560;471;5256;30715;25395;82.7
2730;831;3560;470;5249;30808;25488;82.7
2731;830;3560;469;5243;30834;25515;82.7
2732;829;3560;469;5243;30854;25535;82.8
2733;828;3560;469;5243;30851;25532;82.8
2734;827;3560;469;5243;30941;25622;82.8
2735;826;3560;468;5237;30977;25658;82.8
2736;825;3560;467;5231;30990;25671;82.8
2737;824;3560;465;5199;31089;25770;82.9
2738;823;3560;465;5199;31369;26050;83.0
2739;822;3560;463;5167;32167;26847;83.5
2740;821;3560;461;5089;32279;26961;83.5
2741;820;3560;461;5089;32276;26958;83.5
2742;819;3560;460;5079;32365;27047;83.6
2743;818;3560;459;5069;32622;27304;83.7
2744;817;3560;458;5065;32656;27338;83.7
2745;816;3560;458;5065;32653;27337;83.7
2746;815;3560;456;5029;32797;27481;83.8
2747;814;3560;456;5029;32795;27479;83.8
2748;813;3560;456;5029;32792;27476;83.8
2749;812;3560;456;5029;32789;27473;83.8
2750;811;3560;454;5000;32882;27565;83.8
2751;810;3560;454;5000;32906;27589;83.8
2752;809;3560;452;4987;32952;27636;83.9
2753;808;3560;452;4987;32922;27607;83.9
2754;807;3560;451;4973;32980;27665;83.9
2755;806;3560;450;4966;33029;27714;83.9
2756;805;3560;450;4966;33026;27711;83.9
2757;804;3560;450;4966;33023;27708;83.9
2758;803;3560;450;4966;33020;27705;83.9
2759;802;3560;449;4960;33140;27825;84.0
2760;801;3560;448;4949;33181;27867;84.0
2761;800;3560;447;4938;33257;27943;84.0
2762;799;3560;446;4928;33300;27987;84.0
2763;798;3560;445;4919;33339;28026;84.1
2764;797;3560;444;4910;33395;28082;84.1
2765;796;3560;443;4905;33433;28120;84.1
2766;795;3560;442;4899;33444;28131;84.1
2767;794;3560;441;4893;33476;28163;84.1
2768;793;3560;440;4886;33487;28174;84.1
2769;792;3560;440;4886;33483;28170;84.1
2770;791;3560;440;4886;33479;28166;84.1
2771;790;3560;439;4877;33525;28211;84.1
2772;789;3560;439;4877;33523;28209;84.1
2773;788;3560;438;4866;33569;28253;84.2
2774;787;3560;437;4855;33615;28300;84.2
2775;786;3560;435;4834;33851;28536;84.3
2776;785;3560;435;4834;33879;28564;84.3
2777;784;3560;434;4829;33884;28569;84.3
2778;783;3560;433;4817;33960;28645;84.3
2779;782;3560;432;4797;34174;28856;84.4
2780;781;3560;432;4797;34148;28830;84.4
2781;780;3560;432;4797;34145;28827;84.4
2782;779;3560;431;4786;34168;28851;84.4
2783;778;3560;429;4760;34245;28930;84.5
2784;777;3560;428;4744;34303;28988;84.5
2785;776;3560;427;4735;34320;29005;84.5
2786;775;3560;428;4740;34312;28996;84.5
2787;774;3560;426;4700;34642;29325;84.7
2788;773;3560;425;4689;34689;29370;84.7
2789;772;3560;424;4682;34715;29397;84.7
2790;771;3560;423;4673;34746;29428;84.7
2791;770;3560;422;4664;34779;29461;84.7
2792;769;3560;421;4658;34817;29500;84.7
2793;768;3560;421;4658;34813;29496;84.7
2794;767;3560;421;4658;34809;29492;84.7
2795;766;3560;421;4658;34801;29484;84.7
2796;765;3560;420;4653;34806;29489;84.7
2797;764;3560;418;4632;34909;29592;84.8
2798;763;3560;419;4637;34900;29583;84.8
2799;762;3560;418;4627;34980;29663;84.8
2800;761;3560;417;4615;35043;29726;84.8
2801;760;3560;417;4615;35040;29723;84.8
2802;759;3560;416;4603;35076;29759;84.8
2803;758;3560;415;4592;35217;29900;84.9
2804;757;3560;413;4560;35301;29983;84.9
2805;756;3560;413;4560;35298;29980;84.9
2806;755;3560;412;4554;35305;29987;84.9
2807;754;3560;411;4544;35352;30035;85.0
2808;753;3560;411;4544;35349;30032;85.0
2809;752;3560;410;4538;35359;30042;85.0
2810;751;3560;409;4536;35360;30043;85.0
2811;750;3560;409;4536;35387;30070;85.0
2812;749;3560;408;4528;35432;30115;85.0
2813;748;3560;409;4530;35429;30113;85.0
2814;747;3560;408;4528;35496;30180;85.0
2815;746;3560;408;4528;35495;30179;85.0
2816;745;3560;407;4526;35504;30188;85.0
2817;744;3560;407;4526;35503;30187;85.0
2818;743;3560;407;4526;35508;30192;85.0
2819;742;3560;406;4523;35583;30266;85.1
2820;741;3560;405;4512;35779;30463;85.1
2821;740;3560;404;4501;35863;30551;85.2
2822;739;3560;403;4494;35875;30560;85.2
2823;738;3560;402;4489;35885;30569;85.2
2824;737;3560;400;4481;35915;30599;85.2
2825;736;3560;399;4472;35964;30647;85.2
2826;735;3560;399;4472;35960;30643;85.2
2827;734;3560;398;4463;35981;30664;85.2
2828;733;3560;396;4456;35988;30671;85.2
2829;732;3560;395;4452;35992;30675;85.2
2830;731;3560;393;4448;35996;30679;85.2
2831;730;3560;394;4450;35991;30674;85.2
2832;729;3560;393;4437;36017;30699;85.2
2833;728;3560;392;4430;36067;30749;85.3
2834;727;3560;391;4423;36084;30766;85.3
2835;726;3560;390;4420;36120;30802;85.3
2836;725;3560;388;4369;36824;31501;85.5
2837;724;3560;387;4345;36865;31541;85.6
2838;723;3560;385;4325;36912;31587;85.6
2839;722;3560;384;4314;37054;31729;85.6
2840;721;3560;383;4299;37129;31804;85.7
2841;720;3560;382;4287;37200;31876;85.7
2842;719;3560;381;4273;37278;31954;85.7
2843;718;3560;380;4263;37327;32002;85.7
2844;717;3560;379;4253;37465;32140;85.8
2845;716;3560;378;4244;37489;32164;85.8
2846;715;3560;376;4201;37672;32343;85.9
2847;714;3560;375;4183;37820;32488;85.9
2848;713;3560;374;4173;37855;32522;85.9
2849;712;3560;373;4163;37893;32559;85.9
2850;711;3560;373;4163;37935;32601;85.9
2851;710;3560;372;4147;37989;32655;86.0
2852;709;3560;371;4129;38194;32858;86.0
2853;708;3560;371;4129;38257;32921;86.1
2854;707;3560;370;4120;38287;32951;86.1
2855;706;3560;369;4114;38300;32964;86.1
2856;705;3560;368;4108;38313;32977;86.1
2857;704;3560;366;4084;38470;33134;86.1
2858;703;3560;365;4072;38493;33157;86.1
2859;702;3560;364;4055;38598;33261;86.2
2860;701;3560;362;4013;39204;33870;86.4
2861;700;3560;361;4006;39234;33901;86.4
2862;699;3560;360;3999;39264;33931;86.4
2863;698;3560;359;3994;39264;33931;86.4
2864;697;3560;359;3994;39299;33966;86.4
2865;696;3560;358;3987;39317;33985;86.4
2866;695;3560;357;3980;39354;34022;86.5
2867;694;3560;356;3971;39365;34031;86.4
2868;693;3560;356;3971;39405;34071;86.5
2869;692;3560;355;3961;39547;34213;86.5
2870;691;3560;354;3952;39576;34242;86.5
2871;690;3560;355;3956;39570;34236;86.5
2872;689;3560;355;3956;39565;34232;86.5
2873;688;3560;355;3956;39525;34192;86.5
2874;687;3560;353;3919;39754;34422;86.6
2875;686;3560;351;3882;39983;34652;86.7
2876;685;3560;350;3868;40037;34706;86.7
2877;684;3560;349;3854;40117;34786;86.7
2878;683;3560;348;3843;40140;34808;86.7
2879;682;3560;347;3831;40243;34911;86.8
2880;681;3560;347;3831;40229;34899;86.8
2881;680;3560;347;3831;40227;34897;86.8
2882;679;3560;347;3831;40225;34895;86.7
2883;678;3560;345;3813;40345;35012;86.8
2884;677;3560;344;3808;40409;35076;86.8
2885;676;3560;343;3799;40503;35169;86.8
2886;675;3560;342;3788;40620;35286;86.9
2887;674;3560;341;3770;40733;35389;86.9
2888;673;3560;340;3764;40738;35394;86.9
2889;672;3560;339;3761;40746;35403;86.9
2890;671;3560;338;3753;40760;35417;86.9
2891;670;3560;337;3742;40782;35439;86.9
2892;669;3560;336;3733;40813;35470;86.9
2893;668;3560;335;3721;40872;35529;86.9
2894;667;3560;333;3672;41313;35964;87.1
2895;666;3560;332;3665;41326;35977;87.1
2896;665;3560;332;3665;41323;35974;87.1
2897;664;3560;332;3665;41346;35997;87.1
2898;663;3560;331;3653;41439;36089;87.1
2899;662;3560;330;3631;41630;36273;87.1
2900;661;3560;330;3631;41774;36417;87.2
2901;660;3560;329;3620;41845;36486;87.2
2902;659;3560;328;3608;41922;36563;87.2
2903;658;3560;328;3608;41918;36559;87.2
2904;657;3560;328;3608;41914;36555;87.2
2905;656;3560;328;3608;41910;36551;87.2
2906;655;3560;327;3592;41983;36625;87.2
2907;654;3560;327;3592;42015;36657;87.2
2908;653;3560;326;3578;42048;36691;87.3
2909;652;3560;326;3578;42066;36707;87.3
2910;651;3560;325;3563;42162;36803;87.3
2911;650;3560;325;3563;42159;36800;87.3
2912;649;3560;325;3563;42155;36796;87.3
2913;648;3560;325;3563;42129;36770;87.3
2914;647;3560;325;3563;42105;36746;87.3
2915;646;3560;324;3549;42143;36784;87.3
2916;645;3560;324;3549;42140;36781;87.3
2917;644;3560;324;3549;42195;36836;87.3
2918;643;3560;323;3538;42238;36879;87.3
2919;642;3560;322;3527;42281;36922;87.3
2920;641;3560;321;3516;42304;36945;87.3
2921;640;3560;320;3511;42353;36995;87.3
2922;639;3560;320;3511;42364;37006;87.4
2923;638;3560;320;3511;42368;37010;87.4
2924;637;3560;320;3511;42380;37022;87.4
2925;636;3560;319;3500;42416;37056;87.4
2926;635;3560;319;3500;42426;37066;87.4
2927;634;3560;319;3500;42433;37073;87.4
2928;633;3560;318;3492;42490;37130;87.4
2929;632;3560;317;3490;42490;37130;87.4
2930;631;3560;316;3487;42492;37132;87.4
2931;630;3560;315;3485;42492;37132;87.4
2932;629;3560;316;3487;42490;37129;87.4
2933;628;3560;317;3489;42488;37127;87.4
2934;627;3560;317;3485;42567;37207;87.4
2935;626;3560;316;3477;42613;37249;87.4
2936;625;3560;315;3462;42742;37376;87.4
2937;624;3560;315;3462;42737;37371;87.4
2938;623;3560;315;3462;42736;37371;87.4
2939;622;3560;315;3462;42729;37364;87.4
2940;621;3560;314;3441;43000;37634;87.5
2941;620;3560;314;3441;43081;37715;87.5
2942;619;3560;313;3428;43231;37864;87.6
2943;618;3560;312;3416;43254;37889;87.6
2944;617;3560;312;3416;43251;37886;87.6
2945;616;3560;312;3416;43248;37883;87.6
2946;615;3560;311;3400;43277;37910;87.6
2947;614;3560;310;3389;43405;38035;87.6
2948;613;3560;310;3389;43447;38077;87.6
2949;612;3560;309;3380;43466;38096;87.6
2950;611;3560;309;3380;43464;38094;87.6
2951;610;3560;308;3370;43561;38192;87.7
2952;609;3560;307;3362;43569;38202;87.7
2953;608;3560;306;3344;43778;38412;87.7
2954;607;3560;305;3340;43800;38434;87.7
2955;606;3560;305;3340;43797;38432;87.8
2956;605;3560;304;3326;43851;38485;87.8
2957;604;3560;303;3314;43878;38512;87.8
2958;603;3560;302;3297;44039;38673;87.8
2959;602;3560;301;3279;44529;39163;87.9
2960;601;3560;300;3262;44620;39254;88.0
2961;600;3560;299;3252;44644;39278;88.0
2962;599;3560;298;3248;45320;39954;88.2
2963;598;3560;297;3239;45342;39977;88.2
2964;597;3560;296;3226;45574;40209;88.2
2965;596;3560;296;3226;45623;40258;88.2
2966;595;3560;296;3226;45651;40286;88.2
2967;594;3560;295;3223;45657;40291;88.2
2968;593;3560;294;3212;45744;40377;88.3
2969;592;3560;293;3201;45783;40416;88.3
2970;591;3560;293;3201;45771;40404;88.3
2971;590;3560;294;3205;45765;40396;88.3
2972;589;3560;294;3205;45761;40392;88.3
2973;588;3560;293;3200;45767;40398;88.3
2974;587;3560;292;3197;45785;40416;88.3
2975;586;3560;291;3174;45940;40560;88.3
2976;585;3560;290;3154;46049;40669;88.3
2977;584;3560;290;3154;46047;40667;88.3
2978;583;3560;288;3123;46292;40912;88.4
2979;582;3560;286;3084;46876;41489;88.5
2980;581;3560;286;3084;46874;41487;88.5
2981;580;3560;285;3072;46903;41517;88.5
2982;579;3560;284;3060;46932;41550;88.5
2983;578;3560;283;3046;46985;41603;88.5
2984;577;3560;283;3046;46993;41611;88.5
2985;576;3560;282;3031;47507;42124;88.7
2986;575;3560;282;3031;47513;42130;88.7
2987;574;3560;282;3031;47501;42118;88.7
2988;573;3560;282;3031;47494;42111;88.7
2989;572;3560;281;3019;47566;42182;88.7
2990;571;3560;280;3008;47672;42286;88.7
2991;570;3560;279;2996;47767;42380;88.7
2992;569;3560;279;2996;47775;42388;88.7
2993;568;3560;279;2996;47839;42452;88.7
2994;567;3560;277;2919;48088;42700;88.8
2995;566;3560;276;2907;48096;42708;88.8
2996;565;3560;275;2885;48557;43169;88.9
2997;564;3560;274;2868;48643;43255;88.9
2998;563;3560;273;2855;48677;43289;88.9
2999;562;3560;273;2855;48675;43287;88.9
3000;561;3560;272;2836;49339;43953;89.1
3001;560;3560;272;2836;50043;44657;89.2
3002;559;3560;272;2836;50065;44679;89.2
3003;558;3560;272;2836;50067;44681;89.2
3004;557;3560;271;2831;50075;44689;89.2
3005;556;3560;270;2817;50135;44749;89.3
3006;555;3560;270;2817;50217;44831;89.3
3007;554;3560;270;2817;50253;44867;89.3
3008;553;3560;269;2800;50424;45035;89.3
3009;552;3560;268;2797;50449;45060;89.3
3010;551;3560;268;2797;50595;45206;89.3
3011;550;3560;268;2797;50619;45230;89.4
3012;549;3560;267;2790;50642;45252;89.4
3013;548;3560;266;2783;50666;45277;89.4
3014;547;3560;265;2776;50691;45298;89.4
3015;546;3560;264;2763;50823;45430;89.4
3016;545;3560;264;2763;50822;45429;89.4
3017;544;3560;263;2756;50837;45444;89.4
3018;543;3560;262;2746;50900;45508;89.4
3019;542;3560;262;2746;50899;45507;89.4
3020;541;3560;262;2746;50953;45561;89.4
3021;540;3560;262;2746;50983;45591;89.4
3022;539;3560;261;2738;51016;45625;89.4
3023;538;3560;260;2728;51028;45637;89.4
3024;537;3560;260;2726;51030;45641;89.4
3025;536;3560;260;2726;51029;45640;89.4
3026;535;3560;259;2724;51029;45641;89.4
3027;534;3560;258;2722;51029;45642;89.4
3028;533;3560;258;2722;51023;45636;89.4
3029;532;3560;256;2676;51543;46152;89.5
3030;531;3560;255;2653;51999;46608;89.6
3031;530;3560;254;2632;52073;46681;89.6
3032;529;3560;254;2631;52074;46683;89.6
3033;528;3560;254;2631;52138;46747;89.7
3034;527;3560;253;2613;52474;47082;89.7
3035;526;3560;253;2613;52473;47081;89.7
3036;525;3560;253;2612;52474;47082;89.7
3037;524;3560;252;2595;52602;47210;89.7
3038;523;3560;252;2595;52623;47231;89.8
3039;522;3560;252;2595;53119;47726;89.8
3040;521;3560;250;2571;53355;47955;89.9
3041;520;3560;250;2571;53354;47954;89.9
3042;519;3560;249;2531;54296;48889;90.0
3043;518;3560;249;2531;54295;48888;90.0
3044;517;3560;248;2525;54354;48945;90.0
3045;516;3560;248;2525;54353;48944;90.0
3046;515;3560;248;2525;54352;48943;90.0
3047;514;3560;247;2514;54376;48967;90.1
3048;513;3560;247;2514;54450;49041;90.1
3049;512;3560;248;2516;54448;49040;90.1
3050;511;3560;246;2476;54854;49443;90.1
3051;510;3560;244;2467;54862;49448;90.1
3052;509;3560;245;2469;54859;49445;90.1
3053;508;3560;244;2455;54882;49465;90.1
3054;507;3560;244;2455;54856;49439;90.1
3055;506;3560;243;2418;56036;50618;90.3
3056;505;3560;242;2407;56119;50702;90.3
3057;504;3560;242;2407;56118;50701;90.3
3058;503;3560;241;2396;56243;50826;90.4
3059;502;3560;239;2374;56298;50880;90.4
3060;501;3560;237;2342;56451;51035;90.4
3061;500;3560;236;2330;56502;51086;90.4
3062;499;3560;235;2314;56542;51127;90.4
3063;498;3560;234;2297;56705;51291;90.5
3064;497;3560;233;2281;56748;51333;90.5
3065;496;3560;232;2255;56968;51550;90.5
3066;495;3560;231;2245;57059;51641;90.5
3067;494;3560;229;2225;57174;51755;90.5
3068;493;3560;229;2225;57169;51750;90.5
3069;492;3560;228;2213;57232;51814;90.5
3070;491;3560;227;2192;57303;51884;90.5
3071;490;3560;226;2188;57310;51891;90.5
3072;489;3560;225;2177;57352;51933;90.6
3073;488;3560;224;2166;57402;51983;90.6
3074;487;3560;223;2162;57414;51995;90.6
3075;486;3560;223;2162;57413;51994;90.6
3076;485;3560;222;2160;57422;52003;90.6
3077;484;3560;221;2158;57424;52005;90.6
3078;483;3560;220;2142;57459;52038;90.6
3079;482;3560;220;2142;57585;52164;90.6
3080;481;3560;220;2142;57861;52440;90.6
3081;480;3560;220;2142;57966;52545;90.6
3082;479;3560;221;2143;57965;52545;90.6
3083;478;3560;221;2143;57964;52544;90.6
3084;477;3560;221;2143;57963;52543;90.6
3085;476;3560;221;2143;58019;52598;90.7
3086;475;3560;221;2143;58018;52597;90.7
3087;474;3560;221;2143;58017;52596;90.7
3088;473;3560;221;2143;58016;52595;90.7
3089;472;3560;220;2129;58081;52660;90.7
3090;471;3560;220;2129;58161;52740;90.7
3091;470;3560;219;2113;58198;52774;90.7
3092;469;3560;218;2095;58237;52813;90.7
3093;468;3560;217;2071;58405;52980;90.7
3094;467;3560;216;2064;58475;53050;90.7
3095;466;3560;215;2038;59033;53609;90.8
3096;465;3560;213;2001;59111;53687;90.8
3097;464;3560;212;1984;59389;53966;90.9
3098;463;3560;212;1984;59473;54050;90.9
3099;462;3560;211;1959;59636;54213;90.9
3100;461;3560;210;1944;59661;54238;90.9
3101;460;3560;210;1944;60075;54652;91.0
3102;459;3560;210;1944;60595;55172;91.1
3103;458;3560;209;1925;60741;55318;91.1
3104;457;3560;208;1903;61322;55899;91.2
3105;456;3560;208;1903;61282;55860;91.2
3106;455;3560;206;1865;61646;56223;91.2
3107;454;3560;206;1865;61708;56285;91.2
3108;453;3560;205;1856;61725;56302;91.2
3109;452;3560;205;1856;61724;56301;91.2
3110;451;3560;204;1841;61767;56344;91.2
3111;450;3560;204;1841;61789;56366;91.2
3112;449;3560;204;1841;61852;56429;91.2
3113;448;3560;203;1836;61866;56441;91.2
3114;447;3560;202;1829;61879;56454;91.2
3115;446;3560;201;1819;61950;56525;91.2
3116;445;3560;201;1819;61949;56524;91.2
3117;444;3560;200;1817;61949;56524;91.2
3118;443;3560;199;1806;61971;56545;91.2
3119;442;3560;198;1795;62053;56626;91.3
3120;441;3560;197;1791;62059;56633;91.3
3121;440;3560;195;1765;62221;56792;91.3
3122;439;3560;194;1749;62430;56996;91.3
3123;438;3560;193;1735;62618;57182;91.3
3124;437;3560;192;1711;63338;57895;91.4
3125;436;3560;191;1695;63746;58305;91.5
3126;435;3560;190;1684;63768;58329;91.5
3127;434;3560;189;1671;63804;58365;91.5
3128;433;3560;188;1643;64359;58910;91.5
3129;432;3560;188;1643;64319;58871;91.5
3130;431;3560;188;1643;64318;58870;91.5
3131;430;3560;187;1639;64322;58876;91.5
3132;429;3560;187;1639;64397;58951;91.5
3133;428;3560;186;1621;64658;59212;91.6
3134;427;3560;186;1621;64657;59211;91.6
3135;426;3560;185;1604;64766;59319;91.6
3136;425;3560;185;1604;64938;59491;91.6
3137;424;3560;184;1585;65150;59701;91.6
3138;423;3560;183;1573;65258;59809;91.7
3139;422;3560;182;1564;65311;59862;91.7
3140;421;3560;182;1564;65339;59890;91.7
3141;420;3560;182;1564;65355;59906;91.7
3142;419;3560;182;1564;65354;59905;91.7
3143;418;3560;181;1562;65357;59908;91.7
3144;417;3560;180;1547;65399;59950;91.7
3145;416;3560;180;1547;65398;59949;91.7
3146;415;3560;180;1547;65397;59948;91.7
3147;414;3560;179;1541;65413;59964;91.7
3148;413;3560;178;1520;65496;60046;91.7
3149;412;3560;178;1520;65495;60045;91.7
3150;411;3560;178;1520;65490;60040;91.7
3151;410;3560;177;1507;65571;60123;91.7
3152;409;3560;176;1502;65579;60130;91.7
3153;408;3560;175;1497;65596;60145;91.7
3154;407;3560;175;1497;65594;60143;91.7
3155;406;3560;174;1492;65645;60194;91.7
3156;405;3560;174;1492;65651;60200;91.7
3157;404;3560;174;1492;65650;60199;91.7
3158;403;3560;174;1492;66050;60599;91.7
3159;402;3560;174;1492;66066;60615;91.7
3160;401;3560;173;1471;66248;60794;91.8
3161;400;3560;172;1463;66269;60815;91.8
3162;399;3560;172;1463;66305;60851;91.8
3163;398;3560;171;1453;66331;60878;91.8
3164;397;3560;170;1441;66395;60942;91.8
3165;396;3560;169;1419;66980;61527;91.9
3166;395;3560;169;1419;67330;61877;91.9
3167;394;3560;168;1398;67522;62069;91.9
3168;393;3560;167;1380;67648;62194;91.9
3169;392;3560;167;1380;67693;62239;91.9
3170;391;3560;166;1363;67731;62277;91.9
3171;390;3560;166;1363;67730;62276;91.9
3172;389;3560;166;1362;67736;62283;91.9
3173;388;3560;165;1335;67796;62340;92.0
3174;387;3560;164;1306;67981;62525;92.0
3175;386;3560;164;1306;67992;62536;92.0
3176;385;3560;164;1306;67960;62504;92.0
3177;384;3560;164;1306;67959;62503;92.0
3178;383;3560;163;1294;67997;62541;92.0
3179;382;3560;162;1270;68228;62767;92.0
3180;381;3560;161;1261;68375;62915;92.0
3181;380;3560;161;1261;68489;63029;92.0
3182;379;3560;160;1253;68497;63038;92.0
3183;378;3560;159;1245;68507;63050;92.0
3184;377;3560;158;1242;68528;63071;92.0
3185;376;3560;158;1242;68726;63269;92.1
3186;375;3560;157;1217;68772;63317;92.1
3187;374;3560;156;1196;69143;63688;92.1
3188;373;3560;156;1196;69180;63725;92.1
3189;372;3560;156;1196;69179;63724;92.1
3190;371;3560;155;1190;69223;63769;92.1
3191;370;3560;155;1190;69222;63768;92.1
3192;369;3560;154;1176;69520;64063;92.2
3193;368;3560;154;1176;69519;64062;92.2
3194;367;3560;154;1176;69543;64086;92.2
3195;366;3560;154;1176;69542;64085;92.2
3196;365;3560;153;1164;69586;64129;92.2
3197;364;3560;152;1153;69796;64338;92.2
3198;363;3560;152;1153;69795;64337;92.2
3199;362;3560;152;1153;69930;64472;92.2
3200;361;3560;151;1146;69950;64491;92.2
3201;360;3560;150;1139;69970;64509;92.2
3202;359;3560;149;1129;70003;64541;92.2
3203;358;3560;148;1122;70023;64560;92.2
3204;357;3560;147;1115;70043;64579;92.2
3205;356;3560;146;1104;70087;64622;92.2
3206;355;3560;146;1104;70409;64944;92.2
3207;354;3560;146;1104;70408;64943;92.2
3208;353;3560;145;1102;70444;64980;92.2
3209;352;3560;145;1102;70800;65336;92.3
3210;351;3560;145;1102;70808;65344;92.3
3211;350;3560;144;1096;70831;65367;92.3
3212;349;3560;143;1082;70953;65489;92.3
3213;348;3560;141;999;71214;65734;92.3
3214;347;3560;140;980;71379;65896;92.3
3215;346;3560;139;959;71644;66156;92.3
3216;345;3560;139;959;71692;66204;92.3
3217;344;3560;138;946;71775;66285;92.4
3218;343;3560;137;930;71817;66328;92.4
3219;342;3560;137;930;71869;66380;92.4
3220;341;3560;136;922;71904;66415;92.4
3221;340;3560;135;912;71928;66440;92.4
3222;339;3560;134;907;71946;66459;92.4
3223;338;3560;133;905;71946;66459;92.4
3224;337;3560;132;882;72327;66842;92.4
3225;336;3560;132;882;72390;66905;92.4
3226;335;3560;131;854;72743;67258;92.5
3227;334;3560;130;832;72923;67438;92.5
3228;333;3560;130;832;72922;67437;92.5
3229;332;3560;130;832;73108;67622;92.5
3230;331;3560;130;832;73107;67621;92.5
3231;330;3560;129;818;73187;67701;92.5
3232;329;3560;128;810;73205;67719;92.5
3233;328;3560;127;792;73507;68019;92.5
3234;327;3560;126;754;75291;69797;92.7
3235;326;3560;125;746;75337;69844;92.7
3236;325;3560;124;738;75349;69858;92.7
3237;324;3560;124;738;75348;69857;92.7
3238;323;3560;123;713;75486;69996;92.7
3239;322;3560;122;706;75521;70031;92.7
3240;321;3560;122;706;75520;70030;92.7
3241;320;3560;122;706;75519;70029;92.7
3242;319;3560;122;706;75518;70028;92.7
3243;318;3560;121;700;75533;70042;92.7
3244;317;3560;120;693;75649;70158;92.7
3245;316;3560;119;666;75942;70451;92.8
3246;315;3560;118;656;75980;70490;92.8
3247;314;3560;117;646;76161;70671;92.8
3248;313;3560;116;638;76201;70710;92.8
3249;312;3560;115;615;76780;71288;92.8
3250;311;3560;114;584;76977;71485;92.9
3251;310;3560;112;552;77175;71680;92.9
3252;309;3560;112;552;77330;71835;92.9
3253;308;3560;111;511;77849;72352;92.9
3254;307;3560;111;511;77979;72482;93.0
3255;306;3560;111;511;77983;72487;93.0
3256;305;3560;110;492;78489;72994;93.0
3257;304;3560;109;483;78507;73011;93.0
3258;303;3560;108;479;78534;73038;93.0
3259;302;3560;107;465;78895;73398;93.0
3260;301;3560;107;465;78894;73397;93.0
3261;300;3560;107;465;79038;73541;93.0
3262;299;3560;107;465;79104;73607;93.1
3263;298;3560;107;465;79103;73606;93.1
3264;297;3560;106;445;79190;73694;93.1
3265;296;3560;105;434;79269;73773;93.1
3266;295;3560;104;425;79293;73799;93.1
3267;294;3560;104;425;79363;73869;93.1
3268;293;3560;103;403;80051;74559;93.1
3269;292;3560;103;403;80132;74638;93.1
3270;291;3560;103;403;80180;74686;93.1
3271;290;3560;102;393;80390;74895;93.2
3272;289;3560;102;393;80389;74894;93.2
3273;288;3560;101;378;80510;75015;93.2
3274;287;3560;101;378;80540;75045;93.2
3275;286;3560;100;372;80579;75084;93.2
3276;285;3560;99;365;80652;75158;93.2
3277;284;3560;98;330;82364;76870;93.3
3278;283;3560;97;310;82426;76931;93.3
3279;282;3560;96;260;82614;77141;93.4
3280;281;3560;96;260;82613;77140;93.4
3281;280;3560;96;260;84681;79208;93.5
3282;279;3560;96;260;84745;79272;93.5
3283;278;3560;96;260;84751;79278;93.5
3284;277;3560;96;260;84759;79286;93.5
3285;276;3560;96;260;85089;79616;93.6
3286;275;3560;95;255;85197;79723;93.6
3287;274;3560;95;255;85567;80092;93.6
3288;273;3560;94;225;85896;80422;93.6
3289;272;3560;94;225;85904;80430;93.6
3290;271;3560;94;225;86065;80590;93.6
3291;270;3560;93;224;86073;80598;93.6
3292;269;3560;93;224;86073;80598;93.6
3293;268;3560;93;224;86073;80598;93.6
3294;267;3560;93;224;86073;80598;93.6
3295;266;3560;93;224;86073;80598;93.6
3296;265;3560;93;224;86073;80598;93.6
3297;264;3560;93;224;86073;80598;93.6
3298;263;3560;93;224;86073;80598;93.6
3299;262;3560;93;224;86073;80598;93.6
3300;261;3560;93;224;86073;80598;93.6
3301;260;3560;93;224;86073;80598;93.6
3302;259;3560;93;224;86073;80598;93.6
3303;258;3560;93;224;86073;80598;93.6
3304;257;3560;93;224;86073;80598;93.6
3305;256;3560;93;224;86073;80598;93.6
3306;255;3560;93;224;86073;80598;93.6
3307;254;3560;93;224;86073;80598;93.6
3308;253;3560;93;224;86073;80598;93.6
3309;252;3560;93;224;86073;80598;93.6
3310;251;3560;93;224;86073;80598;93.6
3311;250;3560;93;224;86073;80598;93.6
3312;249;3560;93;224;86073;80598;93.6
3313;248;3560;93;224;86073;80598;93.6
3314;247;3560;93;224;86073;80598;93.6
3315;246;3560;93;224;86073;80598;93.6
3316;245;3560;93;224;86073;80598;93.6
3317;244;3560;93;224;86073;80598;93.6
3318;243;3560;93;224;86073;80598;93.6
3319;242;3560;93;224;86073;80598;93.6
3320;241;3560;93;224;86073;80598;93.6
3321;240;3560;93;224;86073;80598;93.6
3322;239;3560;93;224;86073;80598;93.6
3323;238;3560;93;224;86073;80598;93.6
3324;237;3560;93;224;86073;80598;93.6
3325;236;3560;93;224;86073;80598;93.6
3326;235;3560;93;224;86073;80598;93.6
3327;234;3560;93;224;86073;80598;93.6
3328;233;3560;93;224;86073;80598;93.6
3329;232;3560;93;224;86073;80598;93.6
3330;231;3560;93;224;86073;80598;93.6
3331;230;3560;93;224;86073;80598;93.6
3332;229;3560;93;224;86073;80598;93.6
3333;228;3560;93;224;86073;80598;93.6
3334;227;3560;93;224;86073;80598;93.6
3335;226;3560;93;224;86073;80598;93.6
3336;225;3560;92;220;86077;80602;93.6
3337;224;3560;91;219;86078;80603;93.6
3338;223;3560;91;219;86078;80603;93.6
3339;222;3560;91;219;86078;80603;93.6
3340;221;3560;91;219;86078;80603;93.6
3341;220;3560;91;219;86078;80603;93.6
3342;219;3560;91;219;86078;80603;93.6
3343;218;3560;91;219;86078;80603;93.6
3344;217;3560;91;219;86078;80603;93.6
3345;216;3560;90;216;86090;80615;93.6
3346;215;3560;90;216;86090;80615;93.6
3347;214;3560;89;208;86128;80653;93.6
3348;213;3560;89;208;86130;80654;93.6
3349;212;3560;88;205;86147;80671;93.6
3350;211;3560;87;202;86164;80688;93.6
3351;210;3560;86;196;86277;80797;93.6
3352;209;3560;85;195;86310;80831;93.7
3353;208;3560;84;194;86328;80849;93.7
3354;207;3560;84;194;86328;80849;93.7
3355;206;3560;84;194;86402;80923;93.7
3356;205;3560;83;193;86403;80924;93.7
3357;204;3560;83;193;86403;80924;93.7
3358;203;3560;83;193;86403;80924;93.7
3359;202;3560;83;193;86403;80924;93.7
3360;201;3560;83;193;86403;80924;93.7
3361;200;3560;83;193;86403;80924;93.7
3362;199;3560;82;192;86404;80925;93.7
3363;198;3560;82;192;86404;80925;93.7
3364;197;3560;82;192;86404;80925;93.7
3365;196;3560;82;192;86404;80925;93.7
3366;195;3560;82;192;86404;80925;93.7
3367;194;3560;82;192;86404;80925;93.7
3368;193;3560;82;192;86404;80925;93.7
3369;192;3560;82;192;86404;80925;93.7
3370;191;3560;82;192;86404;80925;93.7
3371;190;3560;82;192;86404;80925;93.7
3372;189;3560;82;192;86404;80925;93.7
3373;188;3560;82;192;86416;80937;93.7
3374;187;3560;82;192;86416;80937;93.7
3375;186;3560;82;192;86416;80937;93.7
3376;185;3560;82;192;86416;80937;93.7
3377;184;3560;82;192;86416;80937;93.7
3378;183;3560;82;192;86416;80937;93.7
3379;182;3560;82;192;86416;80937;93.7
3380;181;3560;82;192;86416;80937;93.7
3381;180;3560;82;192;86416;80937;93.7
3382;179;3560;82;192;86416;80937;93.7
3383;178;3560;82;192;86416;80937;93.7
3384;177;3560;82;192;86416;80937;93.7
3385;176;3560;81;191;86417;80938;93.7
3386;175;3560;81;191;86417;80938;93.7
3387;174;3560;81;191;86417;80938;93.7
3388;173;3560;81;191;86417;80938;93.7
3389;172;3560;81;191;86417;80938;93.7
3390;171;3560;81;191;86417;80938;93.7
3391;170;3560;81;191;86417;80938;93.7
3392;169;3560;80;189;86427;80947;93.7
3393;168;3560;79;188;86431;80951;93.7
3394;167;3560;78;185;86441;80960;93.7
3395;166;3560;78;185;86441;80960;93.7
3396;165;3560;77;179;86456;80975;93.7
3397;164;3560;77;179;86508;81026;93.7
3398;163;3560;76;178;86516;81034;93.7
3399;162;3560;76;178;86516;81034;93.7
3400;161;3560;76;178;86584;81102;93.7
3401;160;3560;75;177;86591;81109;93.7
3402;159;3560;75;177;86616;81134;93.7
3403;158;3560;74;170;86639;81158;93.7
3404;157;3560;73;168;86642;81161;93.7
3405;156;3560;72;166;86644;81163;93.7
3406;155;3560;71;165;86647;81165;93.7
3407;154;3560;71;165;86647;81165;93.7
3408;153;3560;71;165;86647;81165;93.7
3409;152;3560;71;165;86647;81165;93.7
3410;151;3560;71;165;86647;81165;93.7
3411;150;3560;71;165;86647;81165;93.7
3412;149;3560;71;165;86647;81165;93.7
3413;148;3560;71;165;86647;81165;93.7
3414;147;3560;71;165;86647;81165;93.7
3415;146;3560;71;165;86647;81165;93.7
3416;145;3560;71;165;86647;81165;93.7
3417;144;3560;70;163;86649;81168;93.7
3418;143;3560;70;163;86655;81173;93.7
3419;142;3560;69;152;86714;81232;93.7
3420;141;3560;68;149;86739;81255;93.7
3421;140;3560;67;141;86803;81323;93.7
3422;139;3560;67;141;86803;81323;93.7
3423;138;3560;67;141;86803;81323;93.7
3424;137;3560;67;141;86803;81323;93.7
3425;136;3560;67;141;86803;81323;93.7
3426;135;3560;67;141;86803;81323;93.7
3427;134;3560;66;140;86806;81326;93.7
3428;133;3560;65;139;86809;81329;93.7
3429;132;3560;65;139;86809;81329;93.7
3430;131;3560;64;138;86818;81338;93.7
3431;130;3560;63;137;86819;81340;93.7
3432;129;3560;63;137;86819;81340;93.7
3433;128;3560;63;137;86819;81340;93.7
3434;127;3560;63;137;86826;81347;93.7
3435;126;3560;63;137;86836;81357;93.7
3436;125;3560;63;137;86845;81365;93.7
3437;124;3560;62;112;86988;81508;93.7
3438;123;3560;62;112;86993;81513;93.7
3439;122;3560;61;108;86999;81520;93.7
3440;121;3560;61;108;86999;81520;93.7
3441;120;3560;61;108;86999;81520;93.7
3442;119;3560;61;108;86999;81520;93.7
3443;118;3560;61;108;86999;81520;93.7
3444;117;3560;61;108;86999;81520;93.7
3445;116;3560;61;108;86999;81520;93.7
3446;115;3560;61;108;86999;81520;93.7
3447;114;3560;60;100;87054;81574;93.7
3448;113;3560;59;99;87061;81581;93.7
3449;112;3560;58;98;87068;81588;93.7
3450;111;3560;57;97;87075;81595;93.7
3451;110;3560;56;96;87082;81603;93.7
3452;109;3560;55;95;87089;81610;93.7
3453;108;3560;54;94;87096;81617;93.7
3454;107;3560;53;93;87103;81624;93.7
3455;106;3560;52;92;87110;81631;93.7
3456;105;3560;51;91;87112;81633;93.7
3457;104;3560;50;90;87114;81635;93.7
3458;103;3560;49;89;87116;81637;93.7
3459;102;3560;48;88;87118;81639;93.7
3460;101;3560;47;87;87120;81641;93.7
3461;100;3560;46;86;87122;81643;93.7
3462;99;3560;46;86;87122;81643;93.7
3463;98;3560;46;86;87122;81643;93.7
3464;97;3560;45;85;87124;81645;93.7
3465;96;3560;44;84;87126;81647;93.7
3466;95;3560;43;83;87128;81649;93.7
3467;94;3560;42;82;87130;81651;93.7
3468;93;3560;41;81;87132;81653;93.7
3469;92;3560;40;80;87134;81655;93.7
3470;91;3560;39;79;87136;81657;93.7
3471;90;3560;38;78;87138;81659;93.7
3472;89;3560;37;77;87140;81661;93.7
3473;88;3560;36;76;87142;81663;93.7
3474;87;3560;35;75;87144;81665;93.7
3475;86;3560;34;74;87146;81667;93.7
3476;85;3560;33;73;87148;81669;93.7
3477;84;3560;32;72;87150;81671;93.7
3478;83;3560;32;72;87150;81671;93.7
3479;82;3560;32;72;87150;81671;93.7
3480;81;3560;31;71;87152;81673;93.7
3481;80;3560;30;70;87154;81675;93.7
3482;79;3560;29;69;87156;81677;93.7
3483;78;3560;28;68;87158;81679;93.7
3484;77;3560;27;67;87160;81681;93.7
3485;76;3560;26;66;87162;81683;93.7
3486;75;3560;26;66;87162;81683;93.7
3487;74;3560;26;66;87162;81683;93.7
3488;73;3560;25;65;87164;81685;93.7
3489;72;3560;24;64;87166;81687;93.7
3490;71;3560;23;63;87168;81689;93.7
3491;70;3560;22;62;87170;81691;93.7
3492;69;3560;21;61;87172;81693;93.7
3493;68;3560;20;60;87174;81695;93.7
3494;67;3560;20;60;87174;81695;93.7
3495;66;3560;20;60;87174;81695;93.7
3496;65;3560;19;59;87175;81696;93.7
3497;64;3560;18;58;87176;81697;93.7
3498;63;3560;17;57;87177;81698;93.7
3499;62;3560;16;56;87178;81699;93.7
3500;61;3560;15;55;87179;81700;93.7
3501;60;3560;14;54;87180;81701;93.7
3502;59;3560;13;53;87181;81702;93.7
3503;58;3560;12;52;87182;81703;93.7
3504;57;3560;12;52;87182;81703;93.7
3505;56;3560;12;52;87182;81703;93.7
3506;55;3560;12;52;87182;81703;93.7
3507;54;3560;12;52;87182;81703;93.7
3508;53;3560;12;52;87182;81703;93.7
3509;52;3560;12;52;87182;81703;93.7
3510;51;3560;12;52;87182;81703;93.7
3511;50;3560;12;52;87182;81703;93.7
3512;49;3560;11;43;87269;81790;93.7
3513;48;3560;11;43;87277;81797;93.7
3514;47;3560;11;43;87277;81797;93.7
3515;46;3560;11;43;87277;81797;93.7
3516;45;3560;10;40;87280;81801;93.7
3517;44;3560;9;37;87283;81805;93.7
3518;43;3560;8;35;87295;81817;93.7
3519;42;3560;8;35;87295;81817;93.7
3520;41;3560;7;33;87299;81822;93.7
3521;40;3560;7;33;87299;81822;93.7
3522;39;3560;7;33;87299;81822;93.7
3523;38;3560;7;33;87299;81822;93.7
3524;37;3560;7;33;87299;81822;93.7
3525;36;3560;7;33;87299;81822;93.7
3526;35;3560;7;33;87299;81822;93.7
3527;34;3560;7;33;87299;81822;93.7
3528;33;3560;7;33;87299;81822;93.7
3529;32;3560;7;33;87480;82003;93.7
3530;31;3560;7;33;87513;82036;93.7
3531;30;3560;6;18;87723;82246;93.8
3532;29;3560;6;18;87723;82246;93.8
3533;28;3560;6;18;87729;82252;93.8
3534;27;3560;6;18;87729;82252;93.8
3535;26;3560;6;18;87729;82252;93.8
3536;25;3560;6;18;87729;82252;93.8
3537;24;3560;6;18;87735;82258;93.8
3538;23;3560;5;17;87737;82261;93.8
3539;22;3560;5;17;87737;82261;93.8
3540;21;3560;5;17;87737;82261;93.8
3541;20;3560;5;17;87739;82263;93.8
3542;19;3560;4;16;87741;82265;93.8
3543;18;3560;4;16;87741;82265;93.8
3544;17;3560;4;16;87741;82265;93.8
3545;16;3560;4;16;87741;82265;93.8
3546;15;3560;4;16;87741;82265;93.8
3547;14;3560;3;3;87843;82364;93.8
3548;13;3560;2;2;87844;82365;93.8
3549;12;3560;1;1;87859;82380;93.8
3550;11;3560;1;1;87872;82393;93.8
3551;10;3560;0;0;87876;82397;93.8
3552;9;3560;0;0;87876;82397;93.8
3553;8;3560;0;0;87876;82397;93.8
3554;7;3560;0;0;87876;82397;93.8
3555;6;3560;0;0;87876;82397;93.8
3556;5;3560;0;0;87876;82397;93.8
3557;4;3560;0;0;87876;82397;93.8
3558;3;3560;0;0;87876;82397;93.8
3559;2;3560;0;0;87876;82397;93.8
3560;1;3560;0;0;87894;82414;93.8
